_job_num,_active,src_table,trg_table,load_type,incremental_column,operation,recon_count,recon_sum,recon_avg,tags
5,Y,doc_content,@,@,,@,*,ID,ID,CP2_UV4|SCRN_UV4S
6,Y,chk_checklist_item,@,@,,@,*,ID,ID,CP2_UV4|SCRN_UV4S
7,Y,scheduler_order,@,@,,@,*,ID,ID,CP2_UV4|SCRN_UV4S
10,Y,inventory_type_master,@,@,,@,*,ID,ID,CP2_ARCO|SCRN_ARCS|UAE_ARCO
11,Y,alarm_profile,@,@,,@,*,ID,ID,CP2_UV3|SCRN_UV3S|UAE_UV3
12,Y,checklist,@,@,,@,*,ID|STANDARD_COMPLETION_TIME,ID|STANDARD_COMPLETION_TIME,CP2_UIV3|SCRN_UIV3S|UAE_UIV3
13,Y,cnt_approval,@,@,,@,*,ID,ID,CP2_UV4|SCRN_UV4S
14,Y,machine_master,@,@,,@,*,ID,ID,CP2_ARCO|SCRN_ARCS|UAE_ARCO
15,Y,asset_inventory,@,@,,@,*,ID,ID,CP2_UV3|SCRN_UV3S|UAE_UV3
16,Y,checklist_template,@,@,,@,*,ID,ID,CP2_UIV3|SCRN_UIV3S|UAE_UIV3
17,Y,customer,@,@,,@,*,ID,ID,CP2_UV3|SCRN_UV3S|UAE_UV3
18,Y,correction,@,@,,@,*,,,UAE_UIV3
19,Y,month_master,@,@,,@,*,ID,ID,CP2_ARCO|SCRN_ARCS|UAE_ARCO
54,Y,__efmigrationshistory,@,@,,@,*,,,CP2_UV3|CP2_UV4|SCRN_UV3S|SCRN_UV4S|UAE_UV3
55,Y,chk_checklist,@,@,,@,*,ID,ID,CP2_UV4|SCRN_UV4S
56,Y,chk_checklist_category,@,@,,@,*,ID,ID,CP2_UV4|SCRN_UV4S
57,Y,chk_checklist_column,@,@,,@,*,ID,ID,CP2_UV4|SCRN_UV4S
58,Y,chk_checklist_column_type,@,@,,@,*,ID,ID,CP2_UV4|SCRN_UV4S
59,Y,chk_checklist_condition,@,@,,@,*,ID,ID,CP2_UV4|SCRN_UV4S
60,Y,chk_checklist_condition_input_type,@,@,,@,*,ID,ID,CP2_UV4|SCRN_UV4S
61,Y,chk_checklist_group,@,@,,@,*,ID,ID,CP2_UV4|SCRN_UV4S
63,Y,chk_checklist_item_relationship,@,@,,@,*,ID,ID,CP2_UV4|SCRN_UV4S
64,Y,chk_checklist_mapping,@,@,,@,*,ID,ID,CP2_UV4|SCRN_UV4S
65,Y,chk_checklist_mapping_group,@,@,,@,*,ID,ID,CP2_UV4|SCRN_UV4S
66,Y,chk_checklist_mapping_item,@,@,,@,*,ID,ID,CP2_UV4|SCRN_UV4S
67,Y,chk_checklist_mapping_status,@,@,,@,*,ID,ID,CP2_UV4|SCRN_UV4S
68,Y,chk_checklist_template,@,@,,@,*,ID,ID,CP2_UV4|SCRN_UV4S
69,Y,chk_checklist_template_status,@,@,,@,*,ID,ID,CP2_UV4|SCRN_UV4S
70,Y,chk_checklist_template_transaction,@,@,,@,*,ID,ID,CP2_UV4|SCRN_UV4S
71,Y,chk_checklist_value,@,@,,@,*,ID,ID,CP2_UV4|SCRN_UV4S
72,Y,chk_checklist_value_transactions,@,@,,@,*,ID,ID,CP2_UV4|SCRN_UV4S
73,Y,chk_ef_migrations_history,@,@,,@,*,,,CP2_UV4|SCRN_UV4S
75,Y,cnt_approval_status,@,@,,@,*,ID,ID,CP2_UV4|SCRN_UV4S
76,Y,cnt_approval_transaction,@,@,,@,*,ID,ID,CP2_UV4|SCRN_UV4S
77,Y,cnt_content,@,@,,@,*,ID,ID,CP2_UV4|SCRN_UV4S
78,Y,cnt_content_file,@,@,,@,*,ID,ID,CP2_UV4|SCRN_UV4S
79,Y,cnt_content_revision,@,@,,@,*,ID,ID,CP2_UV4|SCRN_UV4S
80,Y,cnt_content_revision_status,@,@,,@,*,ID,ID,CP2_UV4|SCRN_UV4S
81,Y,cnt_ef_migrations_history,@,@,,@,*,,,CP2_UV4|SCRN_UV4S
82,Y,cnt_file,@,@,,@,*,ID,ID,CP2_UV4|SCRN_UV4S
83,Y,content_file_storage_filestream,@,@,,@,*,,,CP2_UV4|SCRN_UV4S
85,Y,doc_document,@,@,,@,*,,,CP2_UV4|SCRN_UV4S
86,Y,doc_document_content,@,@,,@,*,,,CP2_UV4|SCRN_UV4S
87,Y,doc_document_master,@,@,,@,*,,,CP2_UV4|SCRN_UV4S
88,Y,doc_document_type,@,@,,@,*,ID,ID,CP2_UV4|SCRN_UV4S
89,Y,doc_ef_migrations_history,@,@,,@,*,,,CP2_UV4|SCRN_UV4S
90,Y,document_category,@,@,,@,*,ID,ID,CP2_UV4|SCRN_UV4S
91,Y,dsh_dashboard,@,@,,@,*,ID,ID,CP2_UV4|SCRN_UV4S
92,Y,dsh_dashboard_category,@,@,,@,*,ID,ID,CP2_UV4|SCRN_UV4S
93,Y,dsh_dashboard_data,@,@,,@,*,ID,ID,CP2_UV4|SCRN_UV4S
94,Y,dsh_data_connection,@,@,,@,*,ID,ID,CP2_UV4|SCRN_UV4S
95,Y,dsh_data_connection_type,@,@,,@,*,ID,ID,CP2_UV4|SCRN_UV4S
96,Y,dsh_ef_migrations_history,@,@,,@,*,,,CP2_UV4|SCRN_UV4S
97,Y,eforms,@,@,,@,*,ID,ID,CP2_UIV3|CP2_UV4|SCRN_UIV3S|SCRN_UV4S|UAE_UIV3
98,Y,eforms_log,@,@,,@,*,ID,ID,CP2_UIV3|CP2_UV4|SCRN_UIV3S|SCRN_UV4S|UAE_UIV3
99,Y,egrids,@,@,,@,*,ID,ID,CP2_UIV3|CP2_UV4|SCRN_UIV3S|SCRN_UV4S|UAE_UIV3
100,Y,egrids_log,@,@,,@,*,ID,ID,CP2_UIV3|CP2_UV4|SCRN_UIV3S|SCRN_UV4S|UAE_UIV3
101,Y,em_event_model,@,@,,@,*,ID,ID,CP2_UV4|SCRN_UV4S
102,Y,em_microservice_model,@,@,,@,*,ID,ID,CP2_UV4|SCRN_UV4S
103,Y,eml_ef_migrations_history,@,@,,@,*,,,CP2_UV4|SCRN_UV4S
104,Y,eml_email,@,@,,@,*,ID,ID,CP2_UV4|SCRN_UV4S
105,Y,eml_email_attachment,@,@,,@,*,ID,ID,CP2_UV4|SCRN_UV4S
106,Y,eml_email_log,@,@,,@,*,ID,ID,CP2_UV4|SCRN_UV4S
107,Y,eml_subject,@,@,,@,*,ID,ID,CP2_UV4|SCRN_UV4S
108,Y,eml_template,@,@,,@,*,ID,ID,CP2_UV4|SCRN_UV4S
109,Y,gen_edge,@,@,,@,*,ID|QUANTITY,ID|QUANTITY,CP2_UV4|SCRN_UV4S
110,Y,gen_ef_migrations_history,@,@,,@,*,,,CP2_UV4|SCRN_UV4S
111,Y,gen_node,@,@,,@,*,ID,ID,CP2_UV4|SCRN_UV4S
112,Y,idt_asp_net_role_claims,@,@,,@,*,ID,ID,CP2_UV4|SCRN_UV4S
113,Y,idt_asp_net_roles,@,@,,@,*,,,CP2_UV4|SCRN_UV4S
114,Y,idt_asp_net_user_claims,@,@,,@,*,ID,ID,CP2_UV4|SCRN_UV4S
115,Y,idt_asp_net_user_logins,@,@,,@,*,ID,ID,CP2_UV4|SCRN_UV4S
116,Y,idt_asp_net_user_roles,@,@,,@,*,ID,ID,CP2_UV4|SCRN_UV4S
117,Y,idt_asp_net_user_tokens,@,@,,@,*,ID,ID,CP2_UV4|SCRN_UV4S
118,Y,idt_asp_net_users,@,@,,@,*,,,CP2_UV4|SCRN_UV4S
119,Y,idt_ef_migrations_history,@,@,,@,*,,,CP2_UV4|SCRN_UV4S
120,Y,idt_user_access_logs,@,@,,@,*,ID,ID,CP2_UV4|SCRN_UV4S
121,Y,idt_user_password_reset,@,@,,@,*,ID,ID,CP2_UV4|SCRN_UV4S
122,Y,inv_bom,@,@,,@,*,ID,ID,CP2_UV4|SCRN_UV4S
123,Y,inv_bom_item,@,@,,@,*,ID|QUANTITY,ID|QUANTITY,CP2_UV4|SCRN_UV4S
124,Y,inv_bom_item_custom_data,@,@,,@,*,,,CP2_UV4|SCRN_UV4S
125,Y,inv_bom_revision,@,@,,@,*,ID,ID,CP2_UV4|SCRN_UV4S
126,Y,inv_bom_revision_transaction,@,@,,@,*,BOM_REVISION_LINK_ID,BOM_REVISION_LINK_ID,CP2_UV4|SCRN_UV4S
127,Y,inv_bom_status,@,@,,@,*,ID,ID,CP2_UV4|SCRN_UV4S
128,Y,inv_custom_field_mapping,@,@,,@,*,ID,ID,CP2_UV4|SCRN_UV4S
129,Y,inv_ef_migrations_history,@,@,,@,*,,,CP2_UV4|SCRN_UV4S
130,Y,inv_handling_unit,@,@,,@,*,ID|QUANTITY|CAPACITY,ID|QUANTITY|CAPACITY,CP2_UV4|SCRN_UV4S
131,Y,inv_handling_unit_transaction,@,@,,@,*,CHILD_HANDLING_UNIT_LINK_ID|CHILD_ITEM_LINK_ID|HANDLING_UNIT_LINK_ID,CHILD_HANDLING_UNIT_LINK_ID|CHILD_ITEM_LINK_ID|HANDLING_UNIT_LINK_ID,CP2_UV4|SCRN_UV4S
132,Y,inv_handling_unit_transaction_type,@,@,,@,*,ID,ID,CP2_UV4|SCRN_UV4S
133,Y,inv_handling_unit_type,@,@,,@,*,ID,ID,CP2_UV4|SCRN_UV4S
134,Y,inv_handling_unit_type_custom_data,@,@,,@,*,,,CP2_UV4|SCRN_UV4S
135,Y,inv_inventory_type,@,@,,@,*,ID,ID,CP2_UV4|SCRN_UV4S
136,Y,inv_item,@,@,,@,*,ID|QUANTITY,ID|QUANTITY,CP2_UV4|SCRN_UV4S
137,Y,inv_item_action,@,@,,@,*,ID,ID,CP2_UV4|SCRN_UV4S
138,Y,inv_item_batch,@,@,,@,*,ID,ID,CP2_UV4|SCRN_UV4S
139,Y,inv_item_custom_data,@,@,,@,*,,,CP2_UV4|SCRN_UV4S
140,Y,inv_item_transaction,@,@,,@,*,ID|QUANTITY,ID|QUANTITY,CP2_UV4|SCRN_UV4S
141,Y,inv_item_transaction_type,@,@,,@,*,ID,ID,CP2_UV4|SCRN_UV4S
142,Y,inv_item_type,@,@,,@,*,ID|QUANTITY|MINIMUM_QUANTITY|MAXIMUM_QUANTITY|REORDER_QUANTITY|AUTO_EXPIRY_DAYS|DURATION_BEFORE_AUTO_CONSUME,ID|QUANTITY|MINIMUM_QUANTITY|MAXIMUM_QUANTITY|REORDER_QUANTITY|AUTO_EXPIRY_DAYS|DURATION_BEFORE_AUTO_CONSUME,CP2_UV4|SCRN_UV4S
143,Y,inv_item_type_custom_data,@,@,,@,*,,,CP2_UV4|SCRN_UV4S
144,Y,inv_item_type_transaction,@,@,,@,*,MINIMUM_QUANTITY|MAXIMUM_QUANTITY,MINIMUM_QUANTITY|MAXIMUM_QUANTITY,CP2_UV4|SCRN_UV4S
145,Y,inv_location,@,@,,@,*,ID,ID,CP2_UV4|SCRN_UV4S
146,Y,inv_location_area,@,@,,@,*,,,CP2_UV4|SCRN_UV4S
147,Y,inv_location_item,@,@,,@,*,ID,ID,CP2_UV4|SCRN_UV4S
148,Y,inv_location_item_transaction,@,@,,@,*,ID,ID,CP2_UV4|SCRN_UV4S
149,Y,inv_trace_logic,@,@,,@,*,ID,ID,CP2_UV4|SCRN_UV4S
150,Y,inv_trace_scope,@,@,,@,*,ID,ID,CP2_UV4|SCRN_UV4S
151,Y,inv_trace_source,@,@,,@,*,ID,ID,CP2_UV4|SCRN_UV4S
152,Y,inv_transfer_order,@,@,,@,*,ID,ID,CP2_UV4|SCRN_UV4S
153,Y,inv_transfer_order_item,@,@,,@,*,QUANTITY|CONFIRMED_PRODUCTION_REF,QUANTITY|CONFIRMED_PRODUCTION_REF,CP2_UV4|SCRN_UV4S
154,Y,inv_unit,@,@,,@,*,ID,ID,CP2_UV4|SCRN_UV4S
155,Y,ism_category,@,@,,@,*,ID,ID,CP2_UV4|SCRN_UV4S
156,Y,ism_checklist,@,@,,@,*,ID,ID,CP2_UV4|SCRN_UV4S
157,Y,ism_issue,@,@,,@,*,ID,ID,CP2_UV4|SCRN_UV4S
158,Y,ism_issue_assignment_transaction,@,@,,@,*,ID,ID,CP2_UV4|SCRN_UV4S
159,Y,ism_issue_audit_log,@,@,,@,*,ID,ID,CP2_UV4|SCRN_UV4S
160,Y,ism_issue_checklist,@,@,,@,*,ID,ID,CP2_UV4|SCRN_UV4S
161,Y,ism_issue_comment,@,@,,@,*,ID,ID,CP2_UV4|SCRN_UV4S
162,Y,ism_issue_linked_entity,@,@,,@,*,ID,ID,CP2_UV4|SCRN_UV4S
163,Y,ism_issue_status_transaction,@,@,,@,*,ID,ID,CP2_UV4|SCRN_UV4S
164,Y,ism_issue_type,@,@,,@,*,ID,ID,CP2_UV4|SCRN_UV4S
165,Y,ism_issue_type_checklist,@,@,,@,*,ID,ID,CP2_UV4|SCRN_UV4S
166,Y,ism_issue_type_workflow,@,@,,@,*,ID,ID,CP2_UV4|SCRN_UV4S
167,Y,ism_personnel,@,@,,@,*,ID,ID,CP2_UV4|SCRN_UV4S
168,Y,ism_priority,@,@,,@,*,ID,ID,CP2_UV4|SCRN_UV4S
169,Y,ism_setting,@,@,,@,*,ID,ID,CP2_UV4|SCRN_UV4S
170,Y,ism_status,@,@,,@,*,ID,ID,CP2_UV4|SCRN_UV4S
171,Y,orc_ef_migrations_history,@,@,,@,*,,,CP2_UV4|SCRN_UV4S
172,Y,orc_sync_transaction,@,@,,@,*,ID,ID,CP2_UV4|SCRN_UV4S
173,Y,pms_ef_migrations_history,@,@,,@,*,,,CP2_UV4|SCRN_UV4S
174,Y,pms_permission,@,@,,@,*,ID,ID,CP2_UV4|SCRN_UV4S
175,Y,pms_role,@,@,,@,*,,,CP2_UV4|SCRN_UV4S
176,Y,pms_role_mapping,@,@,,@,*,ID,ID,CP2_UV4|SCRN_UV4S
177,Y,pms_role_mapping_permission,@,@,,@,*,ID,ID,CP2_UV4|SCRN_UV4S
178,Y,psn_custom_field_mapping,@,@,,@,*,ID,ID,CP2_UV4|SCRN_UV4S
179,Y,psn_department,@,@,,@,*,ID,ID,CP2_UV4|SCRN_UV4S
180,Y,psn_ef_migrations_history,@,@,,@,*,,,CP2_UV4|SCRN_UV4S
181,Y,psn_personnel,@,@,,@,*,ID,ID,CP2_UV4|SCRN_UV4S
182,Y,psn_personnel_booking,@,@,,@,*,ID,ID,CP2_UV4|SCRN_UV4S
183,Y,psn_personnel_custom_data,@,@,,@,*,,,CP2_UV4|SCRN_UV4S
184,Y,psn_personnel_image,@,@,,@,*,,,CP2_UV4|SCRN_UV4S
185,Y,psn_personnel_qualification,@,@,,@,*,ID,ID,CP2_UV4|SCRN_UV4S
186,Y,psn_position,@,@,,@,*,ID,ID,CP2_UV4|SCRN_UV4S
187,Y,psn_qualification,@,@,,@,*,ID,ID,CP2_UV4|SCRN_UV4S
188,Y,psn_role,@,@,,@,*,ID,ID,CP2_UV4|SCRN_UV4S
189,Y,psn_user,@,@,,@,*,,,CP2_UV4|SCRN_UV4S
190,Y,scheduler_booking_conflict,@,@,,@,*,ID,ID,CP2_UV4|SCRN_UV4S
191,Y,scheduler_bundle_info,@,@,,@,*,ID|BUNDLED_DURATION,ID|BUNDLED_DURATION,CP2_UV4|SCRN_UV4S
192,Y,scheduler_bundle_info_item,@,@,,@,*,ID,ID,CP2_UV4|SCRN_UV4S
193,Y,scheduler_context_request_transaction,@,@,,@,*,ID,ID,CP2_UV4|SCRN_UV4S
194,Y,scheduler_frozen_zone,@,@,,@,*,ID|FROM_DATE_OFFSET_IN_MINUTES|TO_DATE_OFFSET_IN_MINUTES,ID|FROM_DATE_OFFSET_IN_MINUTES|TO_DATE_OFFSET_IN_MINUTES,CP2_UV4|SCRN_UV4S
195,Y,scheduler_global_setting,@,@,,@,*,ID,ID,CP2_UV4|SCRN_UV4S
196,Y,scheduler_job_conflict,@,@,,@,*,ID,ID,CP2_UV4|SCRN_UV4S
197,Y,scheduler_job_inbound_log,@,@,,@,*,ID,ID,CP2_UV4|SCRN_UV4S
198,Y,scheduler_job_order,@,@,,@,*,ID|EXPECTED_RUN_TIME_IN_MINUTES,ID|EXPECTED_RUN_TIME_IN_MINUTES,CP2_UV4|SCRN_UV4S
199,Y,scheduler_job_order_step,@,@,,@,*,,,CP2_UV4|SCRN_UV4S
200,Y,scheduler_job_schedule_run,@,@,,@,*,ID,ID,CP2_UV4|SCRN_UV4S
201,Y,scheduler_job_schedule_template,@,@,,@,*,ID,ID,CP2_UV4|SCRN_UV4S
203,Y,scheduler_resource,@,@,,@,*,,,CP2_UV4|SCRN_UV4S
204,Y,scheduler_resource_attribute,@,@,,@,*,,,CP2_UV4|SCRN_UV4S
205,Y,scheduler_resource_conflict,@,@,,@,*,ID,ID,CP2_UV4|SCRN_UV4S
206,Y,scheduler_resource_requirement,@,@,,@,*,,,CP2_UV4|SCRN_UV4S
207,Y,scheduler_schedule_preset_run,@,@,,@,*,ID,ID,CP2_UV4|SCRN_UV4S
208,Y,scheduler_schedule_preset_run_transaction,@,@,,@,*,ID,ID,CP2_UV4|SCRN_UV4S
209,Y,scheduler_schedule_request_transaction,@,@,,@,*,,,CP2_UV4|SCRN_UV4S
210,Y,scheduler_sp,@,@,,@,*,,,CP2_UV4|SCRN_UV4S
211,Y,scheduler_sp_booking_conflict,@,@,,@,*,ID,ID,CP2_UV4|SCRN_UV4S
212,Y,scheduler_sp_job_order,@,@,,@,*,,,CP2_UV4|SCRN_UV4S
213,Y,scheduler_sp_job_order_step,@,@,,@,*,,,CP2_UV4|SCRN_UV4S
214,Y,scheduler_sp_resource,@,@,,@,*,,,CP2_UV4|SCRN_UV4S
215,Y,scheduler_sp_resource_attribute,@,@,,@,*,,,CP2_UV4|SCRN_UV4S
216,Y,scheduler_sp_resource_requirement,@,@,,@,*,,,CP2_UV4|SCRN_UV4S
217,Y,scheduler_sp_schedule_request_transaction,@,@,,@,*,,,CP2_UV4|SCRN_UV4S
218,Y,scheduler_sp_step_constraint,@,@,,@,*,ID,ID,CP2_UV4|SCRN_UV4S
219,Y,scheduler_sp_step_relationship,@,@,,@,*,,,CP2_UV4|SCRN_UV4S
220,Y,scheduler_step_conflict,@,@,,@,*,ID,ID,CP2_UV4|SCRN_UV4S
221,Y,scheduler_step_constraint,@,@,,@,*,ID,ID,CP2_UV4|SCRN_UV4S
222,Y,scheduler_step_relationship,@,@,,@,*,,,CP2_UV4|SCRN_UV4S
223,Y,scheduler_user_setting,@,@,,@,*,ID|GRID_INTERVAL_IN_MIN,ID|GRID_INTERVAL_IN_MIN,CP2_UV4|SCRN_UV4S
224,Y,schemaversions,@,@,,@,*,,,CP2_UIV3|CP2_UV3|CP2_UV4|SCRN_UIV3S|SCRN_UV3S|SCRN_UV4S|UAE_UIV3|UAE_UV3
225,Y,sm_ef_migrations_history,@,@,,@,*,,,CP2_UIV3|CP2_UV4|SCRN_UIV3S|SCRN_UV4S
226,Y,sm_shift,@,@,,@,*,ID,ID,CP2_UV4|SCRN_UV4S
227,Y,sm_shift_detail,@,@,,@,*,,,CP2_UV4|SCRN_UV4S
228,Y,sm_shift_item,@,@,,@,*,ID,ID,CP2_UV4|SCRN_UV4S
229,Y,trn_category,@,@,,@,*,ID,ID,CP2_UV4|SCRN_UV4S
230,Y,trn_checklist_mapping,@,@,,@,*,ID,ID,CP2_UV4|SCRN_UV4S
231,Y,trn_checklist_template,@,@,,@,*,ID,ID,CP2_UV4|SCRN_UV4S
232,Y,trn_ef_migrations_history,@,@,,@,*,,,CP2_UV4|SCRN_UV4S
233,Y,trn_personnel,@,@,,@,*,ID,ID,CP2_UV4|SCRN_UV4S
234,Y,trn_personnel_training,@,@,,@,*,ID,ID,CP2_UV4|SCRN_UV4S
235,Y,trn_personnel_training_status_transaction,@,@,,@,*,ID,ID,CP2_UV4|SCRN_UV4S
236,Y,trn_qualification,@,@,,@,*,ID,ID,CP2_UV4|SCRN_UV4S
237,Y,trn_training,@,@,,@,*,ID,ID,CP2_UV4|SCRN_UV4S
238,Y,trn_training_qualification,@,@,,@,*,ID,ID,CP2_UV4|SCRN_UV4S
239,Y,eform_configurations,@,@,,@,*,ID,ID,CP2_ARCO|SCRN_ARCS|UAE_ARCO
240,Y,eform_update_logs,@,@,,@,*,,,CP2_ARCO|SCRN_ARCS|UAE_ARCO
242,Y,machine_cycle_time_mapping,@,@,,@,*,ID|CYCLE_TIME_IN_SECONDS,ID|CYCLE_TIME_IN_SECONDS,CP2_ARCO|SCRN_ARCS|UAE_ARCO
243,Y,machine_downcode_master,@,@,,@,*,ID,ID,CP2_ARCO|SCRN_ARCS|UAE_ARCO
244,Y,machine_inventory_transactions,@,@,,@,*,ID|QUANTITY,ID|QUANTITY,CP2_ARCO|SCRN_ARCS|UAE_ARCO
246,Y,machine_off_shift_master,@,@,,@,*,ID,ID,CP2_ARCO|SCRN_ARCS|UAE_ARCO
247,Y,machine_process_master,@,@,,@,*,ID,ID,CP2_ARCO|SCRN_ARCS|UAE_ARCO
248,Y,machine_rejected_reason_master,@,@,,@,*,ID,ID,CP2_ARCO|SCRN_ARCS|UAE_ARCO
249,Y,machine_status_master,@,@,,@,*,ID,ID,CP2_ARCO|SCRN_ARCS|UAE_ARCO
250,Y,machine_status_transactions,@,@,,@,*,,,CP2_ARCO|SCRN_ARCS|UAE_ARCO
251,Y,machine_type_master,@,@,,@,*,ID,ID,CP2_ARCO|SCRN_ARCS|UAE_ARCO
252,Y,machine_work_order_process_master,@,@,,@,*,ID|EXPECTED_PROCESS_RUN_TIME_IN_MINUTES,ID|EXPECTED_PROCESS_RUN_TIME_IN_MINUTES,CP2_ARCO|SCRN_ARCS|UAE_ARCO
253,Y,master_workcenter_group,@,@,,@,*,ID,ID,CP2_ARCO|SCRN_ARCS|UAE_ARCO
254,Y,master_workcenter_queue_time,@,@,,@,*,ID|QUEUE_TIME_IN_HOUR,ID|QUEUE_TIME_IN_HOUR,CP2_ARCO|SCRN_ARCS|UAE_ARCO
256,Y,shift_master,@,@,,@,*,,,CP2_ARCO|SCRN_ARCS|UAE_ARCO
257,Y,transaction_type_master,@,@,,@,*,ID,ID,CP2_ARCO|SCRN_ARCS|UAE_ARCO
259,Y,alarm_data_field,@,@,,@,*,ID,ID,CP2_UV3|SCRN_UV3S|UAE_UV3
260,Y,alarm_data_source,@,@,,@,*,ID,ID,CP2_UV3|SCRN_UV3S|UAE_UV3
261,Y,alarm_email_action,@,@,,@,*,ID,ID,CP2_UV3|SCRN_UV3S|UAE_UV3
262,Y,alarm_email_attachment,@,@,,@,*,ID,ID,CP2_UV3|SCRN_UV3S|UAE_UV3
264,Y,alarm_sql_action,@,@,,@,*,ID,ID,CP2_UV3|SCRN_UV3S|UAE_UV3
265,Y,arc_app_action_transactions,@,@,,@,*,ID,ID,CP2_UV3|SCRN_UV3S|UAE_UV3
266,Y,arc_app_devices,@,@,,@,*,ID,ID,CP2_UV3|SCRN_UV3S|UAE_UV3
267,Y,arc_quire_data_receiver_route_settings,@,@,,@,*,ID,ID,CP2_UV3|SCRN_UV3S|UAE_UV3
268,Y,arc_quire_database_retriever_settings,@,@,,@,*,ID|RUN_INTERVAL,ID|RUN_INTERVAL,CP2_UV3|SCRN_UV3S|UAE_UV3
269,Y,arc_quire_ethernet_connection_profile,@,@,,@,*,ID,ID,CP2_UV3|SCRN_UV3S|UAE_UV3
270,Y,arc_quire_file_processor_settings,@,@,,@,*,ID|PROCESS_FREQUENCY|SCHEDULED_RUN_DURATION|COPY_INTERVAL_IN_SECONDS,ID|PROCESS_FREQUENCY|SCHEDULED_RUN_DURATION|COPY_INTERVAL_IN_SECONDS,CP2_UV3|SCRN_UV3S|UAE_UV3
271,Y,arc_quire_receiving_web_api_route_info,@,@,,@,*,ID,ID,CP2_UV3|SCRN_UV3S|UAE_UV3
272,Y,arc_quire_serial_connection_profile,@,@,,@,*,ID,ID,CP2_UV3|SCRN_UV3S|UAE_UV3
273,Y,arc_quire_web_api_profile_parent_setting,@,@,,@,*,ID|PROCESS_FREQUENCY,ID|PROCESS_FREQUENCY,CP2_UV3|SCRN_UV3S|UAE_UV3
274,Y,arc_quire_web_api_step_setting,@,@,,@,*,ID,ID,CP2_UV3|SCRN_UV3S|UAE_UV3
275,Y,arclite_standard_table_column_details,@,@,,@,*,,,CP2_UV3|SCRN_UV3S
276,Y,aspnetroleclaims,@,@,,@,*,,,CP2_UV3|SCRN_UV3S|UAE_UV3
277,Y,aspnetroles,@,@,,@,*,,,CP2_UV3|SCRN_UV3S|UAE_UV3
278,Y,aspnetuserclaims,@,@,,@,*,,,CP2_UV3|SCRN_UV3S|UAE_UV3
279,Y,aspnetuserlogins,@,@,,@,*,,,CP2_UV3|SCRN_UV3S|UAE_UV3
280,Y,aspnetuserroles,@,@,,@,*,,,CP2_UV3|SCRN_UV3S|UAE_UV3
281,Y,aspnetusertokens,@,@,,@,*,,,CP2_UV3|SCRN_UV3S|UAE_UV3
282,Y,asset_booking,@,@,,@,*,,,CP2_UV3|SCRN_UV3S|UAE_UV3
284,Y,asset_log,@,@,,@,*,ID,ID,CP2_UV3|SCRN_UV3S|UAE_UV3
285,Y,audio_storage,@,@,,@,*,ID,ID,CP2_UV3|SCRN_UV3S|UAE_UV3
286,Y,batch_run,@,@,,@,*,,,CP2_UV3|SCRN_UV3S|UAE_UV3
287,Y,batch_run_comment,@,@,,@,*,ID,ID,CP2_UIV3|CP2_UV3|SCRN_UIV3S|SCRN_UV3S|UAE_UIV3|UAE_UV3
288,Y,batch_run_dependency,@,@,,@,*,,,CP2_UV3|SCRN_UV3S|UAE_UV3
289,Y,batch_run_ef_migrations_history,@,@,,@,*,,,CP2_UV3|SCRN_UV3S|UAE_UV3
290,Y,batch_run_instruction_recommendation,@,@,,@,*,ID,ID,CP2_UV3|SCRN_UV3S|UAE_UV3
291,Y,batch_run_inventory_item_relationship,@,@,,@,*,,,CP2_UV3|SCRN_UV3S|UAE_UV3
292,Y,batch_run_node,@,@,,@,*,,,CP2_UV3|SCRN_UV3S|UAE_UV3
293,Y,batch_run_step,@,@,,@,*,,,CP2_UV3|SCRN_UV3S|UAE_UV3
294,Y,batch_run_step_alarms,@,@,,@,*,ID,ID,CP2_UV3|SCRN_UV3S|UAE_UV3
295,Y,batch_run_step_equipment,@,@,,@,*,,,CP2_UV3|SCRN_UV3S|UAE_UV3
296,Y,batch_run_step_equipment_transactions,@,@,,@,*,,,CP2_UV3|SCRN_UV3S|UAE_UV3
297,Y,batch_run_step_instruction,@,@,,@,*,,,CP2_UV3|SCRN_UV3S|UAE_UV3
298,Y,batch_run_step_labor,@,@,,@,*,,,CP2_UV3|SCRN_UV3S|UAE_UV3
299,Y,batch_run_step_labor_transaction,@,@,,@,*,,,CP2_UV3|SCRN_UV3S|UAE_UV3
300,Y,batch_run_step_packing,@,@,,@,*,ID|PACKING_QUANTITY|REJECTED_QUANTITY|PACKED_QUANTITY,ID|PACKING_QUANTITY|REJECTED_QUANTITY|PACKED_QUANTITY,CP2_UV3|SCRN_UV3S|UAE_UV3
301,Y,batch_run_step_packing_item,@,@,,@,*,ID|QUANTITY,ID|QUANTITY,CP2_UV3|SCRN_UV3S|UAE_UV3
302,Y,batch_run_step_parameter,@,@,,@,*,,,CP2_UV3|SCRN_UV3S|UAE_UV3
303,Y,batch_run_step_parameter_transactions,@,@,,@,*,ID|OVERRIDE_AMOUNT,ID|OVERRIDE_AMOUNT,CP2_UV3|SCRN_UV3S|UAE_UV3
304,Y,batch_run_step_resource,@,@,,@,*,,,CP2_UV3|SCRN_UV3S|UAE_UV3
305,Y,batch_run_step_resource_packing,@,@,,@,*,ID,ID,CP2_UV3|SCRN_UV3S|UAE_UV3
306,Y,batch_run_step_resource_transaction,@,@,,@,*,ID|QUANTITY|TRACED_QUANTITY,ID|QUANTITY|TRACED_QUANTITY,CP2_UV3|SCRN_UV3S|UAE_UV3
307,Y,batch_run_step_supply,@,@,,@,*,ID|AMOUNT_USED|AMOUNT_PLANNED,ID|AMOUNT_USED|AMOUNT_PLANNED,CP2_UV3|SCRN_UV3S|UAE_UV3
308,Y,batch_run_step_transaction,@,@,,@,*,PREVIOUS_TRANSACTION_AMOUNT_IN_SECONDS|BATCH_RUN_STEP_ID,PREVIOUS_TRANSACTION_AMOUNT_IN_SECONDS|BATCH_RUN_STEP_ID,CP2_UV3|SCRN_UV3S|UAE_UV3
309,Y,batch_run_transaction,@,@,,@,*,ID,ID,CP2_UV3|SCRN_UV3S|UAE_UV3
310,Y,batch_run_trigger,@,@,,@,*,ID,ID,CP2_UV3|SCRN_UV3S|UAE_UV3
311,Y,batch_template,@,@,,@,*,ID|RUNTIME|QUANTITY,ID|RUNTIME|QUANTITY,CP2_UV3|SCRN_UV3S|UAE_UV3
312,Y,batch_template_custom_runtime,@,@,,@,*,ID,ID,CP2_UV3|SCRN_UV3S|UAE_UV3
313,Y,batch_template_dependency,@,@,,@,*,,,CP2_UV3|SCRN_UV3S|UAE_UV3
314,Y,batch_template_node,@,@,,@,*,,,CP2_UV3|SCRN_UV3S|UAE_UV3
315,Y,batch_template_relationship,@,@,,@,*,ID,ID,CP2_UV3|SCRN_UV3S|UAE_UV3
316,Y,batch_template_step,@,@,,@,*,,,CP2_UV3|SCRN_UV3S|UAE_UV3
317,Y,batch_template_step_alarms,@,@,,@,*,ID,ID,CP2_UV3|SCRN_UV3S|UAE_UV3
318,Y,batch_template_step_equipment,@,@,,@,*,ID|RUNTIME,ID|RUNTIME,CP2_UV3|SCRN_UV3S|UAE_UV3
319,Y,batch_template_step_instruction,@,@,,@,*,ID,ID,CP2_UV3|SCRN_UV3S|UAE_UV3
320,Y,batch_template_step_labor,@,@,,@,*,,,CP2_UV3|SCRN_UV3S|UAE_UV3
321,Y,batch_template_step_packing,@,@,,@,*,ID|QUANTITY,ID|QUANTITY,CP2_UV3|SCRN_UV3S|UAE_UV3
322,Y,batch_template_step_packing_item,@,@,,@,*,ID|QUANTITY,ID|QUANTITY,CP2_UV3|SCRN_UV3S|UAE_UV3
323,Y,batch_template_step_parameter,@,@,,@,*,,,CP2_UV3|SCRN_UV3S|UAE_UV3
324,Y,batch_template_step_resource,@,@,,@,*,,,CP2_UV3|SCRN_UV3S|UAE_UV3
325,Y,batch_template_step_supply,@,@,,@,*,ID|AMOUNT,ID|AMOUNT,CP2_UV3|SCRN_UV3S|UAE_UV3
326,Y,camera_settings,@,@,,@,*,ID|FRAME_RATE,ID|FRAME_RATE,CP2_UV3|SCRN_UV3S|UAE_UV3
327,Y,company_group_contacts,@,@,,@,*,ID,ID,CP2_UV3|SCRN_UV3S|UAE_UV3
328,Y,company_group_personnel_relationship,@,@,,@,*,ID,ID,CP2_UV3|SCRN_UV3S|UAE_UV3
329,Y,company_off_hours,@,@,,@,*,ID,ID,CP2_UV3|SCRN_UV3S|UAE_UV3
330,Y,company_working_hours,@,@,,@,*,,,CP2_UV3|SCRN_UV3S|UAE_UV3
331,Y,content_manager,@,@,,@,*,ID,ID,CP2_UV3|SCRN_UV3S|UAE_UV3
332,Y,content_manager_profile,@,@,,@,*,ID,ID,CP2_UV3|SCRN_UV3S|UAE_UV3
333,Y,content_manager_relationships,@,@,,@,*,ID,ID,CP2_UV3|SCRN_UV3S|UAE_UV3
334,Y,contraint,@,@,,@,*,ID|AMOUNT,ID|AMOUNT,CP2_UV3|SCRN_UV3S|UAE_UV3
335,Y,current_values_data,@,@,,@,*,ID|VALUE|MIN_SAFE_VALUE|MAX_SAFE_VALUE|EXPECTED_AVERAGE|EXPECTED_DEVIATION|EXPECTED_MIN_VALUE|EXPECTED_MAX_VALUE,ID|VALUE|MIN_SAFE_VALUE|MAX_SAFE_VALUE|EXPECTED_AVERAGE|EXPECTED_DEVIATION|EXPECTED_MIN_VALUE|EXPECTED_MAX_VALUE,CP2_UV3|SCRN_UV3S|UAE_UV3
336,Y,custom_alarm_logs,@,@,,@,*,ID,ID,CP2_UV3|SCRN_UV3S|UAE_UV3
337,Y,custom_alarms,@,@,,@,*,ID|ALERT_FREQUENCY_IN_MINUTES|CHECK_FREQUENCY_IN_MINUTES,ID|ALERT_FREQUENCY_IN_MINUTES|CHECK_FREQUENCY_IN_MINUTES,CP2_UV3|SCRN_UV3S|UAE_UV3
338,Y,custom_alarms_action,@,@,,@,*,ID,ID,CP2_UV3|SCRN_UV3S|UAE_UV3
339,Y,custom_design_forms,@,@,,@,*,ID,ID,CP2_UV3|SCRN_UV3S|UAE_UV3
340,Y,custom_display_view,@,@,,@,*,ID,ID,CP2_UV3|SCRN_UV3S|UAE_UV3
341,Y,custom_interface_views,@,@,,@,*,ID,ID,CP2_UV3|SCRN_UV3S|UAE_UV3
343,Y,dashboard,@,@,,@,*,ID,ID,CP2_UV3|SCRN_UV3S|UAE_UV3
344,Y,dashboard_item,@,@,,@,*,ID,ID,CP2_UV3|SCRN_UV3S|UAE_UV3
345,Y,dashboard_item_element,@,@,,@,*,ID,ID,CP2_UV3|SCRN_UV3S|UAE_UV3
346,Y,dashboard_relationship_table,@,@,,@,*,ID,ID,CP2_UV3|SCRN_UV3S|UAE_UV3
347,Y,dashboard_temp,@,@,,@,*,ID,ID,CP2_UV3|SCRN_UV3S
348,Y,dashboard1,@,@,,@,*,ID,ID,CP2_UV3|SCRN_UV3S
349,Y,dashboard2,@,@,,@,*,ID,ID,CP2_UV3|SCRN_UV3S
350,Y,data_backup_column,@,@,,@,*,ID,ID,CP2_UV3|SCRN_UV3S|UAE_UV3
351,Y,data_backup_profile,@,@,,@,*,ID,ID,CP2_UV3|SCRN_UV3S|UAE_UV3
352,Y,data_backup_table,@,@,,@,*,ID,ID,CP2_UV3|SCRN_UV3S|UAE_UV3
353,Y,data_parser_logic,@,@,,@,*,ID,ID,CP2_UV3|SCRN_UV3S|UAE_UV3
354,Y,database_connection,@,@,,@,*,ID,ID,CP2_UV3|SCRN_UV3S|UAE_UV3
355,Y,delegation_relationship,@,@,,@,*,ID,ID,CP2_UV3|SCRN_UV3S|UAE_UV3
356,Y,detail,@,@,,@,*,ID,ID,CP2_UV3|SCRN_UV3S
357,Y,diagram,@,@,,@,*,ID,ID,CP2_UV3|SCRN_UV3S|UAE_UV3
358,Y,diagram_annotations,@,@,,@,*,ID|X_POSITION|Y_POSITION|Z_POSITION,ID|X_POSITION|Y_POSITION|Z_POSITION,CP2_UV3|SCRN_UV3S|UAE_UV3
359,Y,display_data_view_for_model_item,@,@,,@,*,ID,ID,CP2_UV3|SCRN_UV3S|UAE_UV3
360,Y,display_gauge_model_item_xml,@,@,,@,*,ID,ID,CP2_UV3|SCRN_UV3S|UAE_UV3
361,Y,dummy_data,@,@,,@,*,ID|VALUE,ID|VALUE,CP2_UV3|SCRN_UV3S|UAE_UV3
362,Y,expirationtabletemp,@,@,,@,*,,,CP2_UV3|SCRN_UV3S
363,Y,facility,@,@,,@,*,ID,ID,CP2_UIV3|CP2_UV3|SCRN_UIV3S|SCRN_UV3S|UAE_UIV3|UAE_UV3
364,Y,facility_asset,@,@,,@,*,ID|CAPACITY,ID|CAPACITY,CP2_UV3|SCRN_UV3S|UAE_UV3
365,Y,facility_asset_cost,@,@,,@,*,ID|FACILITY_ASSET_COST_PER_HOUR,ID|FACILITY_ASSET_COST_PER_HOUR,CP2_UV3|SCRN_UV3S|UAE_UV3
366,Y,facility_asset_history_log,@,@,,@,*,ID,ID,CP2_UV3|SCRN_UV3S|UAE_UV3
367,Y,facility_asset_personnel_relationship,@,@,,@,*,ID,ID,CP2_UV3|SCRN_UV3S|UAE_UV3
368,Y,facility_asset_personnel_relationship_log,@,@,,@,*,ID,ID,CP2_UV3|SCRN_UV3S|UAE_UV3
369,Y,facility_asset_schedule,@,@,,@,*,,,CP2_UV3|SCRN_UV3S|UAE_UV3
370,Y,facility_asset_schedule_batch_run_relationship,@,@,,@,*,ID,ID,CP2_UV3|SCRN_UV3S|UAE_UV3
371,Y,facility_asset_supplier_relationship,@,@,,@,*,ID,ID,CP2_UV3|SCRN_UV3S|UAE_UV3
372,Y,facility_asset_supplier_relationship_log,@,@,,@,*,ID,ID,CP2_UV3|SCRN_UV3S|UAE_UV3
373,Y,facility_asset_type,@,@,,@,*,ID,ID,CP2_UV3|SCRN_UV3S|UAE_UV3
374,Y,file_storage,@,@,,@,*,ID,ID,CP2_UV3|SCRN_UV3S|UAE_UV3
375,Y,gantt_header,@,@,,@,*,ID,ID,CP2_UV3|SCRN_UV3S|UAE_UV3
376,Y,gantt_model,@,@,,@,*,ID,ID,CP2_UV3|SCRN_UV3S|UAE_UV3
377,Y,gantt_task,@,@,,@,*,ID,ID,CP2_UV3|SCRN_UV3S|UAE_UV3
378,Y,gauge,@,@,,@,*,ID,ID,CP2_UV3|SCRN_UV3S|UAE_UV3
379,Y,image_string,@,@,,@,*,ID,ID,CP2_UV3|SCRN_UV3S|UAE_UV3
380,Y,imageasvarbinary,@,@,,@,*,ID,ID,CP2_UV3|SCRN_UV3S
381,Y,interface_category,@,@,,@,*,ID,ID,CP2_UV3|SCRN_UV3S|UAE_UV3
382,Y,interface_item,@,@,,@,*,ID,ID,CP2_UV3|SCRN_UV3S|UAE_UV3
383,Y,internal_location,@,@,,@,*,ID|X_COORDINATE|Y_COORDINATE|Z_COORDINATE|X_DIMENSION|Y_DIMENSION|Z_DIMENSION,ID|X_COORDINATE|Y_COORDINATE|Z_COORDINATE|X_DIMENSION|Y_DIMENSION|Z_DIMENSION,CP2_UV3|SCRN_UV3S|UAE_UV3
384,Y,internal_location_facility_asset_relationship,@,@,,@,*,ID|X_COORDINATE|Y_COORDINATE|Z_COORDINATE,ID|X_COORDINATE|Y_COORDINATE|Z_COORDINATE,CP2_UV3|SCRN_UV3S|UAE_UV3
385,Y,internal_location_log,@,@,,@,*,ID,ID,CP2_UV3|SCRN_UV3S|UAE_UV3
386,Y,interviewee,@,@,,@,*,ID|AVERAGE_OVERALL_RATING|AVERAGE_TECHNICAL_RATING|AVERAGE_BUSINESS_SAVVY_RATING|AVERAGE_PERSONALITY_RATING,ID|AVERAGE_OVERALL_RATING|AVERAGE_TECHNICAL_RATING|AVERAGE_BUSINESS_SAVVY_RATING|AVERAGE_PERSONALITY_RATING,CP2_UV3|SCRN_UV3S|UAE_UV3
387,Y,interviewee_note,@,@,,@,*,ID,ID,CP2_UV3|SCRN_UV3S|UAE_UV3
388,Y,inventory_item_type_supplier_relationship,@,@,,@,*,ID,ID,CP2_UV3|SCRN_UV3S|UAE_UV3
389,Y,issue,@,@,,@,*,ID,ID,CP2_UV3|SCRN_UV3S|UAE_UV3
390,Y,issue_log,@,@,,@,*,ID,ID,CP2_UV3|SCRN_UV3S|UAE_UV3
391,Y,issue_relationship,@,@,,@,*,ID,ID,CP2_UV3|SCRN_UV3S|UAE_UV3
392,Y,know_how,@,@,,@,*,ID,ID,CP2_UV3|SCRN_UV3S|UAE_UV3
393,Y,know_how_to_item_type_relationship,@,@,,@,*,ID,ID,CP2_UV3|SCRN_UV3S|UAE_UV3
394,Y,leader,@,@,,@,*,,,CP2_UV3|SCRN_UV3S
395,Y,location,@,@,,@,*,ID|LATITUDE|LONGITUDE,ID|LATITUDE|LONGITUDE,CP2_UIV3|CP2_UV3|SCRN_UIV3S|SCRN_UV3S|UAE_UIV3|UAE_UV3
396,Y,main_menu_item,@,@,,@,*,ID,ID,CP2_UV3|SCRN_UV3S|UAE_UV3
397,Y,maintenance_frequency,@,@,,@,*,ID,ID,CP2_UV3|SCRN_UV3S|UAE_UV3
398,Y,maintenance_information,@,@,,@,*,,,CP2_UV3|SCRN_UV3S|UAE_UV3
399,Y,maintenance_information_batch_run_relationship,@,@,,@,*,ID,ID,CP2_UV3|SCRN_UV3S|UAE_UV3
400,Y,maintenance_pattern,@,@,,@,*,ID,ID,CP2_UV3|SCRN_UV3S|UAE_UV3
401,Y,maintenance_pattern_frequency_relationship,@,@,,@,*,ID|FREQUENCY_MULTIPLIER,ID|FREQUENCY_MULTIPLIER,CP2_UV3|SCRN_UV3S|UAE_UV3
402,Y,maintenance_schedule,@,@,,@,*,,,CP2_UV3|SCRN_UV3S|UAE_UV3
403,Y,maintenance_schedule_batch_run_relationship,@,@,,@,*,ID|SCHEDULED_USAGE_VALUE,ID|SCHEDULED_USAGE_VALUE,CP2_UV3|SCRN_UV3S|UAE_UV3
404,Y,mission_control_item,@,@,,@,*,ID,ID,CP2_UV3|SCRN_UV3S|UAE_UV3
405,Y,mission_control_profile,@,@,,@,*,ID,ID,CP2_UV3|SCRN_UV3S|UAE_UV3
406,Y,mission_control_profile_dashboard_relationship,@,@,,@,*,ID|DISPLAY_DURATION_IN_SECONDS,ID|DISPLAY_DURATION_IN_SECONDS,CP2_UV3|SCRN_UV3S|UAE_UV3
407,Y,mission_control_view,@,@,,@,*,ID,ID,CP2_UV3|SCRN_UV3S|UAE_UV3
408,Y,mission_control_view_item_relationship,@,@,,@,*,ID,ID,CP2_UV3|SCRN_UV3S|UAE_UV3
409,Y,model,@,@,,@,*,ID,ID,CP2_UV3|SCRN_UV3S|UAE_UV3
410,Y,model_detail,@,@,,@,*,,,CP2_UV3|SCRN_UV3S
411,Y,model_item,@,@,,@,*,ID|X|Y,ID|X|Y,CP2_UV3|SCRN_UV3S|UAE_UV3
412,Y,model_item_criteria_to_know_how_relationship,@,@,,@,*,ID,ID,CP2_UV3|SCRN_UV3S|UAE_UV3
413,Y,model_item_display_view,@,@,,@,*,ID,ID,CP2_UV3|SCRN_UV3S|UAE_UV3
414,Y,model_item_link,@,@,,@,*,ID,ID,CP2_UV3|SCRN_UV3S|UAE_UV3
415,Y,model_item_link_criteria_to_know_how_relationship,@,@,,@,*,ID,ID,CP2_UV3|SCRN_UV3S|UAE_UV3
416,Y,model_item_link_to_current_values_data_criteria,@,@,,@,*,ID|CRITERIA_LOWER_VALUE|CRITERIA_UPPER_VALUE|CUSTOM_VALUE,ID|CRITERIA_LOWER_VALUE|CRITERIA_UPPER_VALUE|CUSTOM_VALUE,CP2_UV3|SCRN_UV3S|UAE_UV3
417,Y,model_item_link_to_current_values_data_relationship,@,@,,@,*,ID,ID,CP2_UV3|SCRN_UV3S|UAE_UV3
418,Y,model_item_maintenance_machine,@,@,,@,*,ID,ID,CP2_UV3|SCRN_UV3S|UAE_UV3
419,Y,model_item_maintenance_parent,@,@,,@,*,ID,ID,CP2_UV3|SCRN_UV3S|UAE_UV3
420,Y,model_item_process,@,@,,@,*,ID|WIDTH|HEIGHT,ID|WIDTH|HEIGHT,CP2_UV3|SCRN_UV3S|UAE_UV3
421,Y,model_item_resource_in_details,@,@,,@,*,ID|AMOUNT,ID|AMOUNT,CP2_UV3|SCRN_UV3S|UAE_UV3
422,Y,model_item_resource_out_details,@,@,,@,*,ID|AMOUNT,ID|AMOUNT,CP2_UV3|SCRN_UV3S|UAE_UV3
423,Y,model_item_resource_type,@,@,,@,*,ID|WIDTH|HEIGHT,ID|WIDTH|HEIGHT,CP2_UV3|SCRN_UV3S|UAE_UV3
424,Y,model_item_supply_in_details,@,@,,@,*,ID|AMOUNT,ID|AMOUNT,CP2_UV3|SCRN_UV3S|UAE_UV3
425,Y,model_item_supply_out_details,@,@,,@,*,ID|AMOUNT,ID|AMOUNT,CP2_UV3|SCRN_UV3S|UAE_UV3
426,Y,model_item_to_current_values_data_criteria,@,@,,@,*,ID|CRITERIA_LOWER_VALUE|CRITERIA_UPPER_VALUE|CUSTOM_VALUE,ID|CRITERIA_LOWER_VALUE|CRITERIA_UPPER_VALUE|CUSTOM_VALUE,CP2_UV3|SCRN_UV3S|UAE_UV3
427,Y,model_item_to_current_values_data_relationship,@,@,,@,*,ID,ID,CP2_UV3|SCRN_UV3S|UAE_UV3
428,Y,model_item_view,@,@,,@,*,ID,ID,CP2_UV3|SCRN_UV3S|UAE_UV3
429,Y,model_item_view_item,@,@,,@,*,ID,ID,CP2_UV3|SCRN_UV3S|UAE_UV3
430,Y,model_link_style,@,@,,@,*,ID,ID,CP2_UV3|SCRN_UV3S|UAE_UV3
431,Y,module,@,@,,@,*,ID,ID,CP2_UV3|SCRN_UV3S
432,Y,notes,@,@,,@,*,ID,ID,CP2_UV3|SCRN_UV3S|UAE_UV3
433,Y,notes_thread_group,@,@,,@,*,ID,ID,CP2_UV3|SCRN_UV3S|UAE_UV3
434,Y,notes_thread_group_company_group_relationship,@,@,,@,*,ID,ID,CP2_UV3|SCRN_UV3S|UAE_UV3
435,Y,notes_transactions,@,@,,@,*,ID,ID,CP2_UV3|SCRN_UV3S|UAE_UV3
436,Y,notifications,@,@,,@,*,ID,ID,CP2_UV3|SCRN_UV3S|UAE_UV3
437,Y,nps_mock_data,@,@,,@,*,ID|DURATION_IN_SECONDS|BASIC_CYCLE_TIME_IN_SECONDS|ACTUAL_CYCLE_TIME_IN_SECONDS,ID|DURATION_IN_SECONDS|BASIC_CYCLE_TIME_IN_SECONDS|ACTUAL_CYCLE_TIME_IN_SECONDS,CP2_UV3|SCRN_UV3S
438,Y,packing,@,@,,@,*,ID|PLANNED_QUANTITY|PACKED_QUANTITY,ID|PLANNED_QUANTITY|PACKED_QUANTITY,CP2_UV3|SCRN_UV3S|UAE_UV3
439,Y,packing_transaction,@,@,,@,*,ID|QUANTITY,ID|QUANTITY,CP2_UV3|SCRN_UV3S|UAE_UV3
440,Y,parameter_tolerance_values,@,@,,@,*,,,CP2_UV3|SCRN_UV3S|UAE_UV3
441,Y,permission,@,@,,@,*,ID,ID,CP2_UV3|SCRN_UV3S|UAE_UV3
442,Y,permission_permission_role_relationship,@,@,,@,*,ID,ID,CP2_UV3|SCRN_UV3S|UAE_UV3
443,Y,permission_role,@,@,,@,*,ID,ID,CP2_UV3|SCRN_UV3S|UAE_UV3
444,Y,permission_role_user_relationship,@,@,,@,*,ID,ID,CP2_UV3|SCRN_UV3S|UAE_UV3
445,Y,permission_target,@,@,,@,*,ID,ID,CP2_UV3|SCRN_UV3S|UAE_UV3
446,Y,permissions_per_interface_item,@,@,,@,*,ID,ID,CP2_UV3|SCRN_UV3S|UAE_UV3
447,Y,permissions_personnel_relationship_table,@,@,,@,*,ID,ID,CP2_UV3|SCRN_UV3S|UAE_UV3
448,Y,personnel,@,@,,@,*,ID,ID,CP2_UV3|SCRN_UV3S|UAE_UV3
449,Y,personnel_access_logs,@,@,,@,*,,,CP2_UV3|SCRN_UV3S|UAE_UV3
450,Y,personnel_booking,@,@,,@,*,,,CP2_UV3|SCRN_UV3S|UAE_UV3
451,Y,personnel_info,@,@,,@,*,ID,ID,CP2_UV3|SCRN_UV3S
452,Y,personnel_personnel_relationship,@,@,,@,*,ID,ID,CP2_UV3|SCRN_UV3S|UAE_UV3
453,Y,personnel_personnel_relationship_log,@,@,,@,*,ID,ID,CP2_UV3|SCRN_UV3S|UAE_UV3
454,Y,personnel_qualification_relationship,@,@,,@,*,ID,ID,CP2_UV3|SCRN_UV3S|UAE_UV3
455,Y,personnel_rates,@,@,,@,*,ID|RATE_PER_HOUR|OT_RATE_PER_HOUR|OT_SUNDAY_RATE_PER_HOUR,ID|RATE_PER_HOUR|OT_RATE_PER_HOUR|OT_SUNDAY_RATE_PER_HOUR,CP2_UV3|SCRN_UV3S|UAE_UV3
456,Y,personnel_record,@,@,,@,*,ID,ID,CP2_UV3|SCRN_UV3S|UAE_UV3
457,Y,personnel_security_queston,@,@,,@,*,ID,ID,CP2_UV3|SCRN_UV3S|UAE_UV3
458,Y,plan_batch_run,@,@,,@,*,ID|CUSTOM_RUNTIME|QUANTITY,ID|CUSTOM_RUNTIME|QUANTITY,CP2_UV3|SCRN_UV3S|UAE_UV3
459,Y,plan_batch_run_dependency,@,@,,@,*,ID,ID,CP2_UV3|SCRN_UV3S|UAE_UV3
460,Y,plan_batch_run_node,@,@,,@,*,ID,ID,CP2_UV3|SCRN_UV3S|UAE_UV3
461,Y,plan_batch_run_step,@,@,,@,*,ID|CUSTOM_RUNTIME,ID|CUSTOM_RUNTIME,CP2_UV3|SCRN_UV3S|UAE_UV3
462,Y,project,@,@,,@,*,ID,ID,CP2_UV3|SCRN_UV3S|UAE_UV3
463,Y,project_ownership,@,@,,@,*,ID,ID,CP2_UV3|SCRN_UV3S|UAE_UV3
464,Y,purchase_order,@,@,,@,*,ID,ID,CP2_UV3|SCRN_UV3S|UAE_UV3
465,Y,qualification,@,@,,@,*,ID,ID,CP2_UV3|SCRN_UV3S|UAE_UV3
466,Y,qualification_qualification_type_relationship,@,@,,@,*,ID,ID,CP2_UV3|SCRN_UV3S|UAE_UV3
467,Y,qualification_type,@,@,,@,*,ID,ID,CP2_UV3|SCRN_UV3S|UAE_UV3
468,Y,rate_schemes,@,@,,@,*,ID|NORMAL_RATE_AMOUNT|OVERTIME_RATE_AMOUNT|ALLOWANCE|SPECIAL_OVERTIME_RATE_AMOUNT,ID|NORMAL_RATE_AMOUNT|OVERTIME_RATE_AMOUNT|ALLOWANCE|SPECIAL_OVERTIME_RATE_AMOUNT,CP2_UV3|SCRN_UV3S|UAE_UV3
469,Y,reports,@,@,,@,*,ID,ID,CP2_UV3|SCRN_UV3S|UAE_UV3
470,Y,reports_relationship_table,@,@,,@,*,ID,ID,CP2_UV3|SCRN_UV3S|UAE_UV3
471,Y,resource,@,@,,@,*,ID,ID,CP2_UV3|SCRN_UV3S|UAE_UV3
472,Y,resource_type,@,@,,@,*,ID,ID,CP2_UV3|SCRN_UV3S|UAE_UV3
473,Y,sales_scheduling,@,@,,@,*,ID,ID,CP2_UV3|SCRN_UV3S|UAE_UV3
474,Y,sales_scheduling_log,@,@,,@,*,ID,ID,CP2_UV3|SCRN_UV3S
476,Y,setting,@,@,,@,*,ID,ID,CP2_UV3|SCRN_UV3S|UAE_UV3
477,Y,setting_transaction,@,@,,@,*,ID,ID,CP2_UV3|SCRN_UV3S|UAE_UV3
478,Y,station,@,@,,@,*,ID,ID,CP2_UV3|SCRN_UV3S
479,Y,station_personnel_transaction,@,@,,@,*,ID,ID,CP2_UV3|SCRN_UV3S
480,Y,stock_adjustment,@,@,,@,*,ID,ID,CP2_UV3|SCRN_UV3S|UAE_UV3
481,Y,stock_adjustment_detail,@,@,,@,*,ID|QUANTITY|UNIT_COST,ID|QUANTITY|UNIT_COST,CP2_UV3|SCRN_UV3S|UAE_UV3
482,Y,stock_adjustment_detail_inventory_item_transaction_relationship,@,@,,@,*,ID,ID,CP2_UV3|SCRN_UV3S|UAE_UV3
483,Y,supplier,@,@,,@,*,ID,ID,CP2_UV3|SCRN_UV3S|UAE_UV3
484,Y,supply,@,@,,@,*,ID,ID,CP2_UV3|SCRN_UV3S|UAE_UV3
485,Y,supply_type,@,@,,@,*,ID,ID,CP2_UV3|SCRN_UV3S|UAE_UV3
486,Y,sysdiagrams,@,@,,@,*,,,CP2_UIV3|CP2_UV3|SCRN_UIV3S|SCRN_UV3S|UAE_UIV3|UAE_UV3
487,Y,system_access,@,@,,@,*,ID,ID,CP2_UV3|SCRN_UV3S|UAE_UV3
488,Y,table1,@,@,,@,*,,,CP2_UV3|SCRN_UV3S
489,Y,tag,@,@,,@,*,ID,ID,CP2_UV3|SCRN_UV3S|UAE_UV3
490,Y,tag_to_know_how_relationship,@,@,,@,*,ID,ID,CP2_UV3|SCRN_UV3S|UAE_UV3
491,Y,ticker_gauge_view,@,@,,@,*,ID,ID,CP2_UV3|SCRN_UV3S|UAE_UV3
492,Y,timesheet_hours,@,@,,@,*,ID,ID,CP2_UV3|SCRN_UV3S|UAE_UV3
493,Y,timesheet_profile,@,@,,@,*,ID|HOURLY_RATE,ID|HOURLY_RATE,CP2_UV3|SCRN_UV3S|UAE_UV3
494,Y,timesheet_profile_relationship,@,@,,@,*,ID,ID,CP2_UV3|SCRN_UV3S|UAE_UV3
495,Y,tool,@,@,,@,*,ID|AMOUNT|MAX_LOAD_PERIOD|AMOUNT_AVAILABLE|LOW_STOCK_WARNING_AMOUNT,ID|AMOUNT|MAX_LOAD_PERIOD|AMOUNT_AVAILABLE|LOW_STOCK_WARNING_AMOUNT,CP2_UV3|SCRN_UV3S|UAE_UV3
496,Y,tool_check_in_out,@,@,,@,*,ID|AMOUNT|DEFAULT_NUMBER_OF_MINUTES_TO_CHECK_OUT,ID|AMOUNT|DEFAULT_NUMBER_OF_MINUTES_TO_CHECK_OUT,CP2_UV3|SCRN_UV3S|UAE_UV3
497,Y,tool_life_details,@,@,,@,*,ID|PRODUCT_LIFE_POINT|HOUR_LIFE_POINT,ID|PRODUCT_LIFE_POINT|HOUR_LIFE_POINT,CP2_UV3|SCRN_UV3S|UAE_UV3
498,Y,tool_life_details_tool_life_profile_relationship,@,@,,@,*,ID,ID,CP2_UV3|SCRN_UV3S|UAE_UV3
499,Y,tool_life_log,@,@,,@,*,ID|HOUR_LIFE_POINT_DEDUCTED|PRODUCT_LIFE_POINT_DEDUCTED|HOURS_RUN|PRODUCT_PRODUCED,ID|HOUR_LIFE_POINT_DEDUCTED|PRODUCT_LIFE_POINT_DEDUCTED|HOURS_RUN|PRODUCT_PRODUCED,CP2_UV3|SCRN_UV3S|UAE_UV3
500,Y,tool_life_profile,@,@,,@,*,ID|FREQUENCY_VALUE,ID|FREQUENCY_VALUE,CP2_UV3|SCRN_UV3S|UAE_UV3
501,Y,tool_profile_condition,@,@,,@,*,ID,ID,CP2_UV3|SCRN_UV3S|UAE_UV3
502,Y,tool_state,@,@,,@,*,ID,ID,CP2_UV3|SCRN_UV3S|UAE_UV3
503,Y,tracebility_cal_data,@,@,,@,*,ID|PLANNED_QTY,ID|PLANNED_QTY,CP2_UIV3|CP2_UV3|SCRN_UIV3S|SCRN_UV3S
504,Y,tracker_event,@,@,,@,*,ID,ID,CP2_UV3|SCRN_UV3S|UAE_UV3
505,Y,tracker_event_transaction,@,@,,@,*,ID,ID,CP2_UV3|SCRN_UV3S|UAE_UV3
506,Y,tracker_profile,@,@,,@,*,ID,ID,CP2_UV3|SCRN_UV3S|UAE_UV3
507,Y,tracker_profile_reader_relationship,@,@,,@,*,ID,ID,CP2_UV3|SCRN_UV3S|UAE_UV3
508,Y,tracker_reader,@,@,,@,*,ID,ID,CP2_UV3|SCRN_UV3S|UAE_UV3
509,Y,tracker_tag,@,@,,@,*,ID,ID,CP2_UV3|SCRN_UV3S|UAE_UV3
510,Y,transactions_reason_relationship_table,@,@,,@,*,,,CP2_UV3|SCRN_UV3S|UAE_UV3
511,Y,translations,@,@,,@,*,,,CP2_UV3|SCRN_UV3S|UAE_UV3
512,Y,tutorial_steps,@,@,,@,*,ID,ID,CP2_UV3|SCRN_UV3S|UAE_UV3
513,Y,user_log,@,@,,@,*,ID,ID,CP2_UIV3|CP2_UV3|SCRN_UIV3S|SCRN_UV3S|UAE_UIV3|UAE_UV3
514,Y,utility_chart,@,@,,@,*,ID,ID,CP2_UV3|SCRN_UV3S
515,Y,utility_chart_1,@,@,,@,*,ID,ID,CP2_UV3|SCRN_UV3S
516,Y,video_storage,@,@,,@,*,ID,ID,CP2_UV3|SCRN_UV3S|UAE_UV3
517,Y,wb_workflow_category,@,@,,@,*,ID,ID,CP2_UV3|SCRN_UV3S|UAE_UV3
518,Y,web_api_action,@,@,,@,*,ID,ID,CP2_UV3|SCRN_UV3S|UAE_UV3
519,Y,web_api_action_body,@,@,,@,*,ID,ID,CP2_UV3|SCRN_UV3S|UAE_UV3
520,Y,web_api_action_header,@,@,,@,*,ID,ID,CP2_UV3|SCRN_UV3S|UAE_UV3
521,Y,web_api_authorization,@,@,,@,*,ID,ID,CP2_UV3|SCRN_UV3S|UAE_UV3
522,Y,web_api_transaction,@,@,,@,*,ID,ID,CP2_UV3|SCRN_UV3S|UAE_UV3
523,Y,work_session,@,@,,@,*,ID,ID,CP2_UV3|SCRN_UV3S|UAE_UV3
524,Y,work_session_personnel,@,@,,@,*,ID,ID,CP2_UV3|SCRN_UV3S|UAE_UV3
525,Y,workflow_log,@,@,,@,*,ID,ID,CP2_UV3|SCRN_UV3S|UAE_UV3
526,Y,xdk_sensor,@,@,,@,*,ID,ID,CP2_UV3|SCRN_UV3S|UAE_UV3
527,Y,xdk_sensor_archive_setting,@,@,,@,*,ID|THRESHOLD,ID|THRESHOLD,CP2_UV3|SCRN_UV3S|UAE_UV3
528,Y,xdk_sensor_facility_asset_relationship,@,@,,@,*,ID,ID,CP2_UV3|SCRN_UV3S|UAE_UV3
529,Y,xdk_sensor_fail_setting_attempt,@,@,,@,*,ID,ID,CP2_UV3|SCRN_UV3S|UAE_UV3
530,Y,xdk_sensor_setting,@,@,,@,*,ID|THRESHOLD,ID|THRESHOLD,CP2_UV3|SCRN_UV3S|UAE_UV3
531,Y,xdk_sensor_xdk_sensor_setting_relationship,@,@,,@,*,ID,ID,CP2_UV3|SCRN_UV3S|UAE_UV3
532,Y,__migrationhistory,@,@,,@,*,,,CP2_UIV3|SCRN_UIV3S
533,Y,ahm_downtime_reason,@,@,,@,*,,,CP2_UIV3|SCRN_UIV3S|TEST1
534,Y,ahm_oee_table,@,@,,@,*,ID,ID,CP2_UIV3|SCRN_UIV3S
535,Y,ahm_planned_stop,@,@,,@,*,ID,ID,CP2_UIV3|SCRN_UIV3S
536,Y,all_remarks_for_annual_master_plan,@,@,,@,*,,,CP2_UIV3|SCRN_UIV3S
537,Y,application_service_configuration,@,@,,@,*,ID|FREQUENCY_PERIOD_HOUR|SERVICE_FREQUENCY,ID|FREQUENCY_PERIOD_HOUR|SERVICE_FREQUENCY,CP2_UIV3|SCRN_UIV3S
538,Y,application_service_logs,@,@,,@,*,ID,ID,CP2_UIV3|SCRN_UIV3S
539,Y,application_service_master,@,@,,@,*,ID,ID,CP2_UIV3|SCRN_UIV3S
540,Y,arclite_internal_standard_table_column_details,@,@,,@,*,,,CP2_UIV3|SCRN_UIV3S
541,Y,back_up_07_nov2022_internal_sales_scheduling,@,@,,@,*,ID|GLOBE_3_RAW_MATERIAL_AMOUNT|GLOBE_3_PACKAGING_AMOUNT|QUANTITY|CTBASIC|PLAN_QUANTITY|PART_WIDTH|PART_HEIGHT,ID|GLOBE_3_RAW_MATERIAL_AMOUNT|GLOBE_3_PACKAGING_AMOUNT|QUANTITY|CTBASIC|PLAN_QUANTITY|PART_WIDTH|PART_HEIGHT,CP2_UIV3|SCRN_UIV3S
543,Y,bosch_xdk_data,@,@,,@,*,ID,ID,CP2_UIV3|SCRN_UIV3S
545,Y,checklist_batch_template_relationship,@,@,,@,*,ID,ID,CP2_UIV3|SCRN_UIV3S|UAE_UIV3
546,Y,checklist_category,@,@,,@,*,ID,ID,CP2_UIV3|SCRN_UIV3S|UAE_UIV3
547,Y,checklist_checklist_item_relationship,@,@,,@,*,ID,ID,CP2_UIV3|SCRN_UIV3S|UAE_UIV3
548,Y,checklist_edit_record,@,@,,@,*,ID,ID,CP2_UIV3|SCRN_UIV3S|UAE_UIV3
549,Y,checklist_item,@,@,,@,*,ID,ID,CP2_UIV3|SCRN_UIV3S|UAE_UIV3
550,Y,checklist_item_checklist_item_column_relationship,@,@,,@,*,ID,ID,CP2_UIV3|SCRN_UIV3S|UAE_UIV3
551,Y,checklist_item_column,@,@,,@,*,ID,ID,CP2_UIV3|SCRN_UIV3S|UAE_UIV3
552,Y,checklist_item_condition,@,@,,@,*,ID,ID,CP2_UIV3|SCRN_UIV3S|UAE_UIV3
553,Y,checklist_item_input_time_tracking,@,@,,@,*,ID,ID,CP2_UIV3|SCRN_UIV3S|UAE_UIV3
554,Y,checklist_relationship_attachment,@,@,,@,*,ID,ID,CP2_UIV3|SCRN_UIV3S|UAE_UIV3
555,Y,checklist_relationships,@,@,,@,*,ID,ID,CP2_UIV3|SCRN_UIV3S|UAE_UIV3
556,Y,checklist_relationships_logs,@,@,,@,*,ID,ID,CP2_UIV3|SCRN_UIV3S|UAE_UIV3
557,Y,checklist_revision_history,@,@,,@,*,ID,ID,CP2_UIV3|SCRN_UIV3S|UAE_UIV3
559,Y,checklist_template_transactions,@,@,,@,*,ID,ID,CP2_UIV3|SCRN_UIV3S|UAE_UIV3
560,Y,checklist_value,@,@,,@,*,ID,ID,CP2_UIV3|SCRN_UIV3S|UAE_UIV3
561,Y,checklist_value_image_varbinary,@,@,,@,*,ID,ID,CP2_UIV3|SCRN_UIV3S|UAE_UIV3
562,Y,checklist_value_override,@,@,,@,*,ID,ID,CP2_UIV3|SCRN_UIV3S|UAE_UIV3
563,Y,checklist_value_override_transactions,@,@,,@,*,ID,ID,CP2_UIV3|SCRN_UIV3S|UAE_UIV3
564,Y,checklist_value_override_transactions_history,@,@,,@,*,ID,ID,CP2_UIV3|SCRN_UIV3S
565,Y,checklist_value_transactions,@,@,,@,*,ID,ID,CP2_UIV3|SCRN_UIV3S|UAE_UIV3
566,Y,coordinate,@,@,,@,*,ID|X_Coordinate|Y_Coordinate|Z_Coordinate|TH_Coordinate,ID|X_Coordinate|Y_Coordinate|Z_Coordinate|TH_Coordinate,CP2_UIV3|SCRN_UIV3S
567,Y,coordinate_test,@,@,,@,*,ID|X_COORDINATE|Y_COORDINATE|Z_COORDINATE|TH_COORDINATE,ID|X_COORDINATE|Y_COORDINATE|Z_COORDINATE|TH_COORDINATE,CP2_UIV3|SCRN_UIV3S
568,Y,cs_batch_info,@,@,,@,*,ID|BATCH_QUANTITY,ID|BATCH_QUANTITY,CP2_UIV3|SCRN_UIV3S
569,Y,cs_coa,@,@,,@,*,ID,ID,CP2_UIV3|SCRN_UIV3S
570,Y,cs_code_description,@,@,,@,*,ID,ID,CP2_UIV3|SCRN_UIV3S
571,Y,cs_do,@,@,,@,*,ID,ID,CP2_UIV3|SCRN_UIV3S
572,Y,cs_factor_reference,@,@,,@,*,ID|LOWER_LIMIT|UPPER_LIMIT|OTHER_LIMIT,ID|LOWER_LIMIT|UPPER_LIMIT|OTHER_LIMIT,CP2_UIV3|SCRN_UIV3S
573,Y,cs_factor_reference_lot_size_relationship,@,@,,@,*,ID|VALUE,ID|VALUE,CP2_UIV3|SCRN_UIV3S
574,Y,cs_finished_good_material_feeder_relationship,@,@,,@,*,ID,ID,CP2_UIV3|SCRN_UIV3S
575,Y,cs_hygene_checklist,@,@,,@,*,ID,ID,CP2_UIV3|SCRN_UIV3S
576,Y,cs_hygene_checklist_item,@,@,,@,*,ID,ID,CP2_UIV3|SCRN_UIV3S
577,Y,cs_hygene_checklist_item_template,@,@,,@,*,ID,ID,CP2_UIV3|SCRN_UIV3S
578,Y,cs_incoming_order,@,@,,@,*,ID,ID,CP2_UIV3|SCRN_UIV3S
579,Y,cs_incoming_order_archive,@,@,,@,*,ID,ID,CP2_UIV3|SCRN_UIV3S
580,Y,cs_job_process_parameters,@,@,,@,*,ID|SCREW_SPEED|THROUGHPUT|COOLING_LENGTH|TORQUE|FEEDER_SPEED|MELT_PRESSURE|TEMPERATURE_PROFILE_1|TEMPERATURE_PROFILE_2|TEMPERATURE_PROFILE_3|TEMPERATURE_PROFILE_4|TEMPERATURE_PROFILE_5|TEMPERATURE_PROFILE_6|TEMPERATURE_PROFILE_7|TEMPERATURE_PROFILE_8|TEMPERATURE_PROFILE_9|TEMPERATURE_PROFILE_10|TEMPERATURE_PROFILE_F|TEMPERATURE_PROFILE_D,ID|SCREW_SPEED|THROUGHPUT|COOLING_LENGTH|TORQUE|FEEDER_SPEED|MELT_PRESSURE|TEMPERATURE_PROFILE_1|TEMPERATURE_PROFILE_2|TEMPERATURE_PROFILE_3|TEMPERATURE_PROFILE_4|TEMPERATURE_PROFILE_5|TEMPERATURE_PROFILE_6|TEMPERATURE_PROFILE_7|TEMPERATURE_PROFILE_8|TEMPERATURE_PROFILE_9|TEMPERATURE_PROFILE_10|TEMPERATURE_PROFILE_F|TEMPERATURE_PROFILE_D,CP2_UIV3|SCRN_UIV3S
581,Y,cs_lot_size,@,@,,@,*,ID|LOWER_LIMIT|UPPER_LIMIT,ID|LOWER_LIMIT|UPPER_LIMIT,CP2_UIV3|SCRN_UIV3S
582,Y,cs_machine_selection,@,@,,@,*,ID,ID,CP2_UIV3|SCRN_UIV3S
583,Y,cs_master_coa,@,@,,@,*,ID,ID,CP2_UIV3|SCRN_UIV3S
584,Y,cs_outgoing_order,@,@,,@,*,ID,ID,CP2_UIV3|SCRN_UIV3S
585,Y,cs_outgoing_order_archive,@,@,,@,*,ID,ID,CP2_UIV3|SCRN_UIV3S
586,Y,cs_parent_child_relationship,@,@,,@,*,ID,ID,CP2_UIV3|SCRN_UIV3S
587,Y,cs_pos_history,@,@,,@,*,ID|INPUT_QUANTITY|OUTPUT_QUANTITY|LOSS_QUANTITY,ID|INPUT_QUANTITY|OUTPUT_QUANTITY|LOSS_QUANTITY,CP2_UIV3|SCRN_UIV3S
588,Y,cs_query,@,@,,@,*,ID,ID,CP2_UIV3|SCRN_UIV3S
589,Y,cs_recipe_group,@,@,,@,*,ID,ID,CP2_UIV3|SCRN_UIV3S
590,Y,cs_recipe_group_fa_relationship,@,@,,@,*,ID|VALUE,ID|VALUE,CP2_UIV3|SCRN_UIV3S
591,Y,cs_storage,@,@,,@,*,ID,ID,CP2_UIV3|SCRN_UIV3S
592,Y,cs_storage_transfer_order_item_relationship,@,@,,@,*,ID|STORED_QUANTITY,ID|STORED_QUANTITY,CP2_UIV3|SCRN_UIV3S
593,Y,cs_transfer_order,@,@,,@,*,ID,ID,CP2_UIV3|SCRN_UIV3S
594,Y,cs_transfer_order_item,@,@,,@,*,ID|TARGET_QUANTITY|QUANTITY_PER_BAG,ID|TARGET_QUANTITY|QUANTITY_PER_BAG,CP2_UIV3|SCRN_UIV3S
595,Y,cs_yield_loss,@,@,,@,*,ID|MEAN|LOWER|UPPER,ID|MEAN|LOWER|UPPER,CP2_UIV3|SCRN_UIV3S
596,Y,custom_page,@,@,,@,*,ID,ID,CP2_UIV3|SCRN_UIV3S|UAE_UIV3
597,Y,custom_page_personnel_relationship,@,@,,@,*,ID,ID,CP2_UIV3|SCRN_UIV3S|UAE_UIV3
598,Y,customer_feedback,@,@,,@,*,ID,ID,CP2_UIV3|SCRN_UIV3S|UAE_UIV3
599,Y,customer_feedback_module,@,@,,@,*,ID,ID,CP2_UIV3|SCRN_UIV3S
600,Y,delivery_order,@,@,,@,*,ID,ID,CP2_UIV3|SCRN_UIV3S|UAE_UIV3
601,Y,delivery_order_batch_run_relationship,@,@,,@,*,ID,ID,CP2_UIV3|SCRN_UIV3S|UAE_UIV3
602,Y,delivery_order_content,@,@,,@,*,ID,ID,CP2_UIV3|SCRN_UIV3S|UAE_UIV3
603,Y,delivery_request,@,@,,@,*,ID,ID,CP2_UIV3|SCRN_UIV3S|UAE_UIV3
604,Y,demand_forecast,@,@,,@,*,ID,ID,CP2_UIV3|SCRN_UIV3S
605,Y,demand_forecast_details,@,@,,@,*,ID,ID,CP2_UIV3|SCRN_UIV3S
606,Y,doc_no_temp,@,@,,@,*,ID,ID,CP2_UIV3|SCRN_UIV3S
607,Y,down_code,@,@,,@,*,ID,ID,CP2_UIV3|SCRN_UIV3S|UAE_UIV3
608,Y,dp_oee_template,@,@,,@,*,ID|ACTUAL_CYCLE_TIME|STANDARD_CYCLE_TIME|CAVITY_LOSS|MACHINE_YIELD|OPERATOR_INPUT_YIELD|PRODUCTION_SCRAP|NON_PRODUCTION_SCRAP|SETUP_TIME|RUNNING_IN_TIME|PROCESS_RUNNING_TIME|PROCESS_PAUSE_TIME|TEARDOWN_TIME,ID|ACTUAL_CYCLE_TIME|STANDARD_CYCLE_TIME|CAVITY_LOSS|MACHINE_YIELD|OPERATOR_INPUT_YIELD|PRODUCTION_SCRAP|NON_PRODUCTION_SCRAP|SETUP_TIME|RUNNING_IN_TIME|PROCESS_RUNNING_TIME|PROCESS_PAUSE_TIME|TEARDOWN_TIME,CP2_UIV3|SCRN_UIV3S
609,Y,dp_sap_template,@,@,,@,*,ID|CT|SETUP_TIME|RUNNNING_IN_TIME|PROCESS_TIME|TEARDOWN_TIME,ID|CT|SETUP_TIME|RUNNNING_IN_TIME|PROCESS_TIME|TEARDOWN_TIME,CP2_UIV3|SCRN_UIV3S
610,Y,dummy_reasons,@,@,,@,*,,,CP2_UIV3|SCRN_UIV3S
615,Y,equipment_information,@,@,,@,*,ID,ID,CP2_UIV3|SCRN_UIV3S|UAE_UIV3
616,Y,error_messages_unilever,@,@,,@,*,ID,ID,CP2_UIV3|SCRN_UIV3S
617,Y,error_messages_unilever_summary,@,@,,@,*,ID,ID,CP2_UIV3|SCRN_UIV3S
618,Y,ess_internal_facility_asset,@,@,,@,*,ID,ID,CP2_UIV3|SCRN_UIV3S
619,Y,ess_internal_inventory_item,@,@,,@,*,ID,ID,CP2_UIV3|SCRN_UIV3S
620,Y,ess_internal_inventory_item_transaction,@,@,,@,*,ID,ID,CP2_UIV3|SCRN_UIV3S
621,Y,ess_internal_preventative_maintenance_schedule,@,@,,@,*,ID,ID,CP2_UIV3|SCRN_UIV3S
622,Y,expiration_transaction_log,@,@,,@,*,ID,ID,CP2_UIV3|SCRN_UIV3S
624,Y,facility_asset_oee_configuration,@,@,,@,*,ID|AVAILABILITY_HOURS|PRODUCTIVITY_UNITS|TARGET_OEE,ID|AVAILABILITY_HOURS|PRODUCTIVITY_UNITS|TARGET_OEE,CP2_UIV3|SCRN_UIV3S|UAE_UIV3
625,Y,facility_asset_production_transactions,@,@,,@,*,ID|PRODUCTION_QUANTITY|NOT_GOOD_QUANTITY,ID|PRODUCTION_QUANTITY|NOT_GOOD_QUANTITY,CP2_UIV3|SCRN_UIV3S|UAE_UIV3
626,Y,facility_asset_transactions,@,@,,@,*,,,CP2_UIV3|SCRN_UIV3S|UAE_UIV3
627,Y,fifo_alarm,@,@,,@,*,ID,ID,CP2_UIV3|SCRN_UIV3S
628,Y,form,@,@,,@,*,ID,ID,CP2_UIV3|SCRN_UIV3S|UAE_UIV3
629,Y,form_item,@,@,,@,*,ID,ID,CP2_UIV3|SCRN_UIV3S|UAE_UIV3
630,Y,form_item_template,@,@,,@,*,ID,ID,CP2_UIV3|SCRN_UIV3S|UAE_UIV3
631,Y,form_remark,@,@,,@,*,ID,ID,CP2_UIV3|SCRN_UIV3S|UAE_UIV3
632,Y,form_template,@,@,,@,*,ID,ID,CP2_UIV3|SCRN_UIV3S|UAE_UIV3
633,Y,gt_personnel_rate_details,@,@,,@,*,ID,ID,CP2_UIV3|SCRN_UIV3S
634,Y,gt_personnel_rate_schemes,@,@,,@,*,ID|WORKING_HOUR|NORMAL_RATE_DOLLAR|OVERTIME_RATE_DOLLAR|Allowance|SPECIAL_OVERTIME_RATE_DOLLAR,ID|WORKING_HOUR|NORMAL_RATE_DOLLAR|OVERTIME_RATE_DOLLAR|Allowance|SPECIAL_OVERTIME_RATE_DOLLAR,CP2_UIV3|SCRN_UIV3S
635,Y,input_yield_unilever,@,@,,@,*,ID,ID,CP2_UIV3|SCRN_UIV3S
636,Y,internal_batch_run,@,@,,@,*,,,CP2_UIV3|SCRN_UIV3S|UAE_UIV3
637,Y,internal_batch_run_step,@,@,,@,*,ID,ID,CP2_UIV3|SCRN_UIV3S|UAE_UIV3
638,Y,internal_batch_run_step_resource,@,@,,@,*,ID|USER_KEY_IN_RECEIVED_QUANTITY|MINIMUM_ORDER_QUANTITY|ORDER_QUANTITY|PACKING_STD_QUANTITY|PO_LINE_NO|PICKLIST_DETAIL_NO|PICKLIST_FORMULA_TOTAL|TotalReceivedQty|SynchronizedAmount|AmountToBeSync,ID|USER_KEY_IN_RECEIVED_QUANTITY|MINIMUM_ORDER_QUANTITY|ORDER_QUANTITY|PACKING_STD_QUANTITY|PO_LINE_NO|PICKLIST_DETAIL_NO|PICKLIST_FORMULA_TOTAL|TotalReceivedQty|SynchronizedAmount|AmountToBeSync,CP2_UIV3|SCRN_UIV3S|UAE_UIV3
639,Y,internal_batch_template,@,@,,@,*,ID,ID,CP2_UIV3|SCRN_UIV3S|UAE_UIV3
640,Y,internal_batch_template_step,@,@,,@,*,,,CP2_UIV3|SCRN_UIV3S|UAE_UIV3
641,Y,internal_calibration_oem_ personnel_details,@,@,,@,*,,,CP2_UIV3|SCRN_UIV3S
642,Y,internal_calibration_reference_number_history,@,@,,@,*,ID,ID,CP2_UIV3|SCRN_UIV3S
643,Y,internal_calibration_vendor_accreditation,@,@,,@,*,ID,ID,CP2_UIV3|SCRN_UIV3S
644,Y,internal_calibration_vendor_accreditation_log,@,@,,@,*,ID,ID,CP2_UIV3|SCRN_UIV3S
645,Y,internal_calibration_vendor_type,@,@,,@,*,ID,ID,CP2_UIV3|SCRN_UIV3S
646,Y,internal_content_manager_profile,@,@,,@,*,ID,ID,CP2_UIV3|SCRN_UIV3S|UAE_UIV3
647,Y,internal_customer,@,@,,@,*,ID,ID,CP2_UIV3|SCRN_UIV3S|UAE_UIV3
648,Y,internal_expiration_management_history,@,@,,@,*,ID,ID,CP2_UIV3|SCRN_UIV3S
649,Y,internal_facility_asset,@,@,,@,*,ID|TOLERANCE,ID|TOLERANCE,CP2_UIV3|SCRN_UIV3S|UAE_UIV3
650,Y,internal_facility_asset_run_count,@,@,,@,*,ID|RUN_COUNT,ID|RUN_COUNT,CP2_UIV3|SCRN_UIV3S|UAE_UIV3
651,Y,internal_hourly_cost_per_trade,@,@,,@,*,ID|HOURLY_COST,ID|HOURLY_COST,CP2_UIV3|SCRN_UIV3S|UAE_UIV3
652,Y,internal_image_string,@,@,,@,*,ID,ID,CP2_UIV3|SCRN_UIV3S|UAE_UIV3
653,Y,internal_internal_location,@,@,,@,*,ID,ID,CP2_UIV3|SCRN_UIV3S|UAE_UIV3
654,Y,internal_inventory_item,@,@,,@,*,ID|PLANNED_QUANTITY|ARRIVED_QUANTITY|ACCEPTED_QUANTITY|STORED_QUANTITY|FORWARDED_ARRIVED_QUANTITY|FORWARDED_ACCEPTED_QUANTITY|REJECTED_ARRIVED_QUANTITY|TONNAGE,ID|PLANNED_QUANTITY|ARRIVED_QUANTITY|ACCEPTED_QUANTITY|STORED_QUANTITY|FORWARDED_ARRIVED_QUANTITY|FORWARDED_ACCEPTED_QUANTITY|REJECTED_ARRIVED_QUANTITY|TONNAGE,CP2_UIV3|SCRN_UIV3S|UAE_UIV3
655,Y,internal_inventory_item_transaction,@,@,,@,*,ID,ID,CP2_UIV3|SCRN_UIV3S|UAE_UIV3
656,Y,internal_inventory_item_transaction_validation,@,@,,@,*,ID,ID,CP2_UIV3|SCRN_UIV3S
657,Y,internal_inventory_item_type,@,@,,@,*,,,CP2_UIV3|SCRN_UIV3S|UAE_UIV3
658,Y,internal_inventory_item_type_fifo,@,@,,@,*,ID,ID,CP2_UIV3|SCRN_UIV3S
659,Y,internal_inventory_item_type_link,@,@,,@,*,ID,ID,CP2_UIV3|SCRN_UIV3S
660,Y,internal_inventory_item_type_rank_mapping,@,@,,@,*,ID,ID,CP2_UIV3|SCRN_UIV3S
661,Y,internal_inventory_item_type_ranks,@,@,,@,*,ID,ID,CP2_UIV3|SCRN_UIV3S
662,Y,internal_inventory_item_type_transaction,@,@,,@,*,ID,ID,CP2_UIV3|SCRN_UIV3S
663,Y,internal_issue,@,@,,@,*,ID,ID,CP2_UIV3|SCRN_UIV3S|UAE_UIV3
664,Y,internal_link_sales_scheduling,@,@,,@,*,ID|QUANTITY,ID|QUANTITY,CP2_UIV3|SCRN_UIV3S
665,Y,internal_location_sales_scheduling_relationship,@,@,,@,*,ID,ID,CP2_UIV3|SCRN_UIV3S|UAE_UIV3
666,Y,internal_maintenance_pattern,@,@,,@,*,ID,ID,CP2_UIV3|SCRN_UIV3S|UAE_UIV3
667,Y,internal_master_model,@,@,,@,*,ID,ID,CP2_UIV3|SCRN_UIV3S
668,Y,internal_master_station,@,@,,@,*,ID,ID,CP2_UIV3|SCRN_UIV3S
669,Y,internal_model_station,@,@,,@,*,ID,ID,CP2_UIV3|SCRN_UIV3S
670,Y,internal_personnel,@,@,,@,*,ID,ID,CP2_UIV3|SCRN_UIV3S|UAE_UIV3
671,Y,internal_report,@,@,,@,*,ID,ID,CP2_UIV3|SCRN_UIV3S
672,Y,internal_sales,@,@,,@,*,ID,ID,CP2_UIV3|SCRN_UIV3S|UAE_UIV3
673,Y,internal_sales_scheduling,@,@,,@,*,ID|GLOBE_3_RAW_MATERIAL_AMOUNT|GLOBE_3_PACKAGING_AMOUNT|QUANTITY|CTBASIC|PLAN_QUANTITY|PART_WIDTH|PART_HEIGHT,ID|GLOBE_3_RAW_MATERIAL_AMOUNT|GLOBE_3_PACKAGING_AMOUNT|QUANTITY|CTBASIC|PLAN_QUANTITY|PART_WIDTH|PART_HEIGHT,CP2_UIV3|SCRN_UIV3S|UAE_UIV3
674,Y,internal_sales_scheduling_inventory_item,@,@,,@,*,ID,ID,CP2_UIV3|SCRN_UIV3S
675,Y,internal_sales_scheduling_log,@,@,,@,*,ID|GLOBE_3_RAW_MATERIAL_AMOUNT|GLOBE_3_PACKAGING_AMOUNT|QUANTITY|CTBASIC|PLAN_QUANTITY|PART_WIDTH|PART_HEIGHT,ID|GLOBE_3_RAW_MATERIAL_AMOUNT|GLOBE_3_PACKAGING_AMOUNT|QUANTITY|CTBASIC|PLAN_QUANTITY|PART_WIDTH|PART_HEIGHT,CP2_UIV3|SCRN_UIV3S
676,Y,internal_sales_scheduling_template,@,@,,@,*,ID,ID,CP2_UIV3|SCRN_UIV3S|UAE_UIV3
677,Y,internal_template_runtime,@,@,,@,*,ID|KW_LOWER_LIMIT_INCLUSIVE|KW_UPPER_LIMIT_EXCLUSIVE,ID|KW_LOWER_LIMIT_INCLUSIVE|KW_UPPER_LIMIT_EXCLUSIVE,CP2_UIV3|SCRN_UIV3S|UAE_UIV3
678,Y,internal_timesheet_profile_relationship,@,@,,@,*,ID,ID,CP2_UIV3|SCRN_UIV3S
679,Y,internal_tool_ownership_transfer_details,@,@,,@,*,ID,ID,CP2_UIV3|SCRN_UIV3S|UAE_UIV3
680,Y,internal_tools,@,@,,@,*,ID,ID,CP2_UIV3|SCRN_UIV3S|UAE_UIV3
681,Y,internal_tools_for_transfer,@,@,,@,*,ID,ID,CP2_UIV3|SCRN_UIV3S|UAE_UIV3
682,Y,internal_user_session,@,@,,@,*,ID,ID,CP2_UIV3|SCRN_UIV3S|UAE_UIV3
683,Y,internal_workstation_access_restriction,@,@,,@,*,,,CP2_UIV3|SCRN_UIV3S|UAE_UIV3
684,Y,inventory_item_type_logs,@,@,,@,*,,,CP2_UIV3|SCRN_UIV3S
685,Y,issue_type,@,@,,@,*,ID,ID,CP2_UIV3|SCRN_UIV3S|UAE_UIV3
686,Y,issue_type_description,@,@,,@,*,ID,ID,CP2_UIV3|SCRN_UIV3S|UAE_UIV3
687,Y,issue_type_sales_scheduling_relationship,@,@,,@,*,ID,ID,CP2_UIV3|SCRN_UIV3S|UAE_UIV3
688,Y,item_option,@,@,,@,*,ID,ID,CP2_UIV3|SCRN_UIV3S|UAE_UIV3
689,Y,kpi_equipment_information_relationship,@,@,,@,*,ID|TARGET_VALUE,ID|TARGET_VALUE,CP2_UIV3|SCRN_UIV3S|UAE_UIV3
690,Y,kpis,@,@,,@,*,ID,ID,CP2_UIV3|SCRN_UIV3S|UAE_UIV3
691,Y,ll_ecomcell_ae_ot_percentage,@,@,,@,*,ID|PROJECTION_PERCENTAGE|ACTUAL_PERCENTAGE,ID|PROJECTION_PERCENTAGE|ACTUAL_PERCENTAGE,CP2_UIV3|SCRN_UIV3S
692,Y,ll_ecomcell_safety,@,@,,@,*,ID,ID,CP2_UIV3|SCRN_UIV3S
693,Y,ll_ecomcell_sap_spare_part_inventory,@,@,,@,*,ID|SAP_VALUE,ID|SAP_VALUE,CP2_UIV3|SCRN_UIV3S
694,Y,ll_ecomcell_sub_area_mapping,@,@,,@,*,ID,ID,CP2_UIV3|SCRN_UIV3S
695,Y,ll_ecomcell_training_plan,@,@,,@,*,ID,ID,CP2_UIV3|SCRN_UIV3S
696,Y,ll_epassdown_dashboard_export,@,@,,@,*,ID,ID,CP2_UIV3|SCRN_UIV3S
697,Y,ll_equipment_group_information,@,@,,@,*,ID,ID,CP2_UIV3|SCRN_UIV3S
698,Y,ll_ie_equipment_information,@,@,,@,*,ID,ID,CP2_UIV3|SCRN_UIV3S
699,Y,ll_ie_kpi,@,@,,@,*,ID,ID,CP2_UIV3|SCRN_UIV3S
700,Y,ll_ie_kpi_equipment_information_relationship,@,@,,@,*,ID|TARGET_VALUE,ID|TARGET_VALUE,CP2_UIV3|SCRN_UIV3S
701,Y,ll_ie_kpi_equipment_information_relationship_log,@,@,,@,*,ID|TARGET_VALUE,ID|TARGET_VALUE,CP2_UIV3|SCRN_UIV3S
702,Y,ll_ie_oee_uptime_monthly,@,@,,@,*,,,CP2_UIV3|SCRN_UIV3S
703,Y,ll_ie_oee_uptime_weekly,@,@,,@,*,,,CP2_UIV3|SCRN_UIV3S
704,Y,lm_change_input,@,@,,@,*,ID|PRODUCTION_QUANTITY,ID|PRODUCTION_QUANTITY,CP2_UIV3|SCRN_UIV3S
705,Y,lm_ef_migrations_history,@,@,,@,*,,,CP2_UIV3|SCRN_UIV3S
707,Y,loss_classification_csv_upload,@,@,,@,*,ID,ID,CP2_UIV3|SCRN_UIV3S
708,Y,loss_classification_level2_unilever,@,@,,@,*,ID,ID,CP2_UIV3|SCRN_UIV3S
709,Y,machine_scheduling_unilever,@,@,,@,*,ID,ID,CP2_UIV3|SCRN_UIV3S
710,Y,machine_to_machinist_assignment_timestamp,@,@,,@,*,ID,ID,CP2_UIV3|SCRN_UIV3S|UAE_UIV3
711,Y,maintenance_profile,@,@,,@,*,ID|USAGE_RATE_PER_DAY,ID|USAGE_RATE_PER_DAY,CP2_UIV3|SCRN_UIV3S
712,Y,maintenance_profile_checklist_pattern_relationship,@,@,,@,*,ID,ID,CP2_UIV3|SCRN_UIV3S
713,Y,maintenance_profile_facility_asset_facility_asset_type_relationship,@,@,,@,*,ID,ID,CP2_UIV3|SCRN_UIV3S
714,Y,mass_plotting_profile,@,@,,@,*,ID,ID,CP2_UIV3|SCRN_UIV3S
715,Y,master_production_plan,@,@,,@,*,ID,ID,CP2_UIV3|SCRN_UIV3S
716,Y,material_handover_setting,@,@,,@,*,ID,ID,CP2_UIV3|SCRN_UIV3S
717,Y,metalcool_form_testing,@,@,,@,*,ID,ID,CP2_UIV3|SCRN_UIV3S
718,Y,metalcool_image_string,@,@,,@,*,ID,ID,CP2_UIV3|SCRN_UIV3S
719,Y,metalcool_sales_scheduling,@,@,,@,*,ID|GLOBE_3_RAW_MATERIAL_AMOUNT|GLOBE_3_PACKAGING_AMOUNT,ID|GLOBE_3_RAW_MATERIAL_AMOUNT|GLOBE_3_PACKAGING_AMOUNT,CP2_UIV3|SCRN_UIV3S
720,Y,metalcool_settings,@,@,,@,*,ID,ID,CP2_UIV3|SCRN_UIV3S
721,Y,metalcool_template_runtime,@,@,,@,*,ID|KW_LOWER_LIMIT_INCLUSIVE|KW_UPPER_LIMIT_EXCLUSIVE,ID|KW_LOWER_LIMIT_INCLUSIVE|KW_UPPER_LIMIT_EXCLUSIVE,CP2_UIV3|SCRN_UIV3S
722,Y,metalcool_tools,@,@,,@,*,ID,ID,CP2_UIV3|SCRN_UIV3S
723,Y,missed_scan_log,@,@,,@,*,ID,ID,CP2_UIV3|SCRN_UIV3S
724,Y,mixing__matrix,@,@,,@,*,ID,ID,CP2_UIV3|SCRN_UIV3S
725,Y,nominal_speed_csv_upload,@,@,,@,*,,,CP2_UIV3|SCRN_UIV3S
726,Y,notification_items,@,@,,@,*,ID,ID,CP2_UIV3|SCRN_UIV3S
727,Y,np_action,@,@,,@,*,ID,ID,CP2_UIV3|SCRN_UIV3S
728,Y,np_action_user_relationship,@,@,,@,*,ID,ID,CP2_UIV3|SCRN_UIV3S
729,Y,np_ng_handling_details,@,@,,@,*,ID,ID,CP2_UIV3|SCRN_UIV3S
730,Y,np_ng_qc_replacement_check,@,@,,@,*,ID|QUANTITY,ID|QUANTITY,CP2_UIV3|SCRN_UIV3S
731,Y,np_permisison,@,@,,@,*,ID,ID,CP2_UIV3|SCRN_UIV3S
732,Y,np_permission,@,@,,@,*,ID,ID,CP2_UIV3|SCRN_UIV3S
733,Y,np_stocking_brsr_to_inventory_item_relationship,@,@,,@,*,ID|QUANTITY,ID|QUANTITY,CP2_UIV3|SCRN_UIV3S
734,Y,npsk_pick_list_logs,@,@,,@,*,ID|TRANSACTION_QUANTITY,ID|TRANSACTION_QUANTITY,CP2_UIV3|SCRN_UIV3S
735,Y,npsk_psi_transaction_logs,@,@,,@,*,ID,ID,CP2_UIV3|SCRN_UIV3S
736,Y,oee_batch_run_step_labor_inventory_item,@,@,,@,*,ID,ID,CP2_UIV3|SCRN_UIV3S
737,Y,oee_labor_pause_reason_calculation,@,@,,@,*,ID,ID,CP2_UIV3|SCRN_UIV3S
738,Y,oee_machine_to_machinist_assignment_by_time,@,@,,@,*,ID,ID,CP2_UIV3|SCRN_UIV3S
739,Y,oee_wsg_generic_cal,@,@,,@,*,ID|THEORATICAL_OUTPUT|GOOD|SCRAP|REJECTED_QUANTITY|REWORK,ID|THEORATICAL_OUTPUT|GOOD|SCRAP|REJECTED_QUANTITY|REWORK,CP2_UIV3|SCRN_UIV3S
740,Y,oee_wsg_labor_calculation,@,@,,@,*,ID|THEORATICAL_OUTPUT|GOOD|SCRAP|REJECTED_QUANTITY|REWORK,ID|THEORATICAL_OUTPUT|GOOD|SCRAP|REJECTED_QUANTITY|REWORK,CP2_UIV3|SCRN_UIV3S
741,Y,parsed_data_uni_four_shifts_calculated,@,@,,@,*,,,CP2_UIV3|SCRN_UIV3S
742,Y,print_label,@,@,,@,*,ID,ID,CP2_UIV3|SCRN_UIV3S
743,Y,print_label_setting,@,@,,@,*,ID|HEIGHT|WIDTH|MARGIN,ID|HEIGHT|WIDTH|MARGIN,CP2_UIV3|SCRN_UIV3S
744,Y,print_label_v5,@,@,,@,*,ID,ID,CP2_UIV3|SCRN_UIV3S
745,Y,print_qr_code_label,@,@,,@,*,ID,ID,CP2_UIV3|SCRN_UIV3S
746,Y,production_input_material,@,@,,@,*,ID|QUANTITY,ID|QUANTITY,CP2_UIV3|SCRN_UIV3S
747,Y,production_result,@,@,,@,*,ID|RESULT_QUANTITY,ID|RESULT_QUANTITY,CP2_UIV3|SCRN_UIV3S
748,Y,production_result_import,@,@,,@,*,ID|NO|DETAIL_NO,ID|NO|DETAIL_NO,CP2_UIV3|SCRN_UIV3S
749,Y,psi_integration_log,@,@,,@,*,ID,ID,CP2_UIV3|SCRN_UIV3S
750,Y,qaqc_can_observation,@,@,,@,*,ID,ID,CP2_UIV3|SCRN_UIV3S
751,Y,qaqc_master,@,@,,@,*,ID,ID,CP2_UIV3|SCRN_UIV3S
752,Y,qaqc_observation,@,@,,@,*,ID,ID,CP2_UIV3|SCRN_UIV3S
753,Y,qaqc_observation_detail,@,@,,@,*,ID,ID,CP2_UIV3|SCRN_UIV3S
754,Y,reschedule_log,@,@,,@,*,ID,ID,CP2_UIV3|SCRN_UIV3S|UAE_UIV3
755,Y,rm_material_item,@,@,,@,*,ID|DIAMETER|STRAIGHTNESS|CONCENTRICITY,ID|DIAMETER|STRAIGHTNESS|CONCENTRICITY,CP2_UIV3|SCRN_UIV3S
756,Y,rm_material_order,@,@,,@,*,ID|OVERALL_STRAIGHTNESS|OVERALL_CONCENTRICITY|OVERALL_H6_TOLERANCE,ID|OVERALL_STRAIGHTNESS|OVERALL_CONCENTRICITY|OVERALL_H6_TOLERANCE,CP2_UIV3|SCRN_UIV3S
757,Y,safety_action_record,@,@,,@,*,ID,ID,CP2_UIV3|SCRN_UIV3S
758,Y,safety_attachments,@,@,,@,*,ID,ID,CP2_UIV3|SCRN_UIV3S
759,Y,safety_master,@,@,,@,*,ID,ID,CP2_UIV3|SCRN_UIV3S
760,Y,safety_observation,@,@,,@,*,ID,ID,CP2_UIV3|SCRN_UIV3S
761,Y,safety_observation_details,@,@,,@,*,ID,ID,CP2_UIV3|SCRN_UIV3S
762,Y,safety_observation_notes,@,@,,@,*,ID,ID,CP2_UIV3|SCRN_UIV3S
763,Y,safety_observer,@,@,,@,*,ID,ID,CP2_UIV3|SCRN_UIV3S
764,Y,safety_personnel_zone_assignment,@,@,,@,*,ID,ID,CP2_UIV3|SCRN_UIV3S
765,Y,sales_scheduling_service_log,@,@,,@,*,ID,ID,CP2_UIV3|SCRN_UIV3S
766,Y,sample_energy_data,@,@,,@,*,ID|A|B|C|D|E|F|G|H|I,ID|A|B|C|D|E|F|G|H|I,CP2_UIV3|SCRN_UIV3S
767,Y,sap_production_log,@,@,,@,*,ID,ID,CP2_UIV3|SCRN_UIV3S
768,Y,scanned_items,@,@,,@,*,ID,ID,CP2_UIV3|SCRN_UIV3S|UAE_UIV3
770,Y,service_calculations_batch_run_step,@,@,,@,*,ID|THEORETICAL_OUTPUT|GOOD_OUTPUT|REJECTED_OUTPUT|SCRAP_OUTPUT|REWORK_OUTPUT|RUNNING_DURATION_IN_SECONDS|PAUSE_DURATION_IN_SECONDS,ID|THEORETICAL_OUTPUT|GOOD_OUTPUT|REJECTED_OUTPUT|SCRAP_OUTPUT|REWORK_OUTPUT|RUNNING_DURATION_IN_SECONDS|PAUSE_DURATION_IN_SECONDS,CP2_UIV3|SCRN_UIV3S
771,Y,service_calculations_batch_run_step_equipment,@,@,,@,*,ID|THEORETICAL_OUTPUT|GOOD_OUTPUT|REJECTED_OUTPUT|SCRAP_OUTPUT|REWORK_OUTPUT|RUNNING_DURATION_IN_SECONDS|PAUSE_DURATION_IN_SECONDS,ID|THEORETICAL_OUTPUT|GOOD_OUTPUT|REJECTED_OUTPUT|SCRAP_OUTPUT|REWORK_OUTPUT|RUNNING_DURATION_IN_SECONDS|PAUSE_DURATION_IN_SECONDS,CP2_UIV3|SCRN_UIV3S
772,Y,service_calculations_batch_run_step_labor,@,@,,@,*,ID|THEORETICAL_OUTPUT|GOOD_OUTPUT|REJECTED_OUTPUT|SCRAP_OUTPUT|REWORK_OUTPUT|RUNNING_DURATION_IN_SECONDS|PAUSE_DURATION_IN_SECONDS,ID|THEORETICAL_OUTPUT|GOOD_OUTPUT|REJECTED_OUTPUT|SCRAP_OUTPUT|REWORK_OUTPUT|RUNNING_DURATION_IN_SECONDS|PAUSE_DURATION_IN_SECONDS,CP2_UIV3|SCRN_UIV3S
773,Y,service_calculations_facility_asset,@,@,,@,*,ID|UP_AND_RUNNING_PRODUCTION_TIME_IN_SECONDS|UP_AND_RUNNING_NON_PRODUCTION_TIME_IN_SECONDS|UP_AND_IDLING_TIME_IN_SECONDS|PAUSE_AND_RUNNING_PRODUCTION_TIME_IN_SECONDS|PAUSE_AND_RUNNING_NON_PRODUCTION_TIME_IN_SECONDS|PAUSE_AND_IDLING_TIME_IN_SECONDS|STOP_AND_RUNNING_PRODUCTION_TIME_IN_SECONDS|STOP_AND_RUNNING_NON_PRODUCTION_TIME_IN_SECONDS|STOP_AND_IDLING_TIME_IN_SECONDS,ID|UP_AND_RUNNING_PRODUCTION_TIME_IN_SECONDS|UP_AND_RUNNING_NON_PRODUCTION_TIME_IN_SECONDS|UP_AND_IDLING_TIME_IN_SECONDS|PAUSE_AND_RUNNING_PRODUCTION_TIME_IN_SECONDS|PAUSE_AND_RUNNING_NON_PRODUCTION_TIME_IN_SECONDS|PAUSE_AND_IDLING_TIME_IN_SECONDS|STOP_AND_RUNNING_PRODUCTION_TIME_IN_SECONDS|STOP_AND_RUNNING_NON_PRODUCTION_TIME_IN_SECONDS|STOP_AND_IDLING_TIME_IN_SECONDS,CP2_UIV3|SCRN_UIV3S
774,Y,service_calculations_personnel,@,@,,@,*,ID|RUNNING_TIME|PAUSE_TIME,ID|RUNNING_TIME|PAUSE_TIME,CP2_UIV3|SCRN_UIV3S
775,Y,shift,@,@,,@,*,,,CP2_UIV3|SCRN_UIV3S|UAE_UIV3
776,Y,shift_day_relationship,@,@,,@,*,ID,ID,CP2_UIV3|SCRN_UIV3S|UAE_UIV3
778,Y,sm_personnel,@,@,,@,*,ID,ID,CP2_UIV3|SCRN_UIV3S
779,Y,sm_shift_personnel,@,@,,@,*,ID,ID,CP2_UIV3|SCRN_UIV3S
780,Y,sm_shift_personnel_transaction,@,@,,@,*,ID,ID,CP2_UIV3|SCRN_UIV3S
781,Y,sm_shift_planning,@,@,,@,*,ID,ID,CP2_UIV3|SCRN_UIV3S
782,Y,smt_barcode_validation,@,@,,@,*,ID,ID,CP2_UIV3|SCRN_UIV3S
784,Y,temp_table_for_data_recording_purposes,@,@,,@,*,ID,ID,CP2_UIV3|SCRN_UIV3S
785,Y,test_dashboard_hyperlink,@,@,,@,*,ID,ID,CP2_UIV3|SCRN_UIV3S
786,Y,testtable,@,@,,@,*,ID,ID,CP2_UIV3|SCRN_UIV3S
787,Y,third_party_batch_run,@,@,,@,*,ID,ID,CP2_UIV3|SCRN_UIV3S|UAE_UIV3
788,Y,third_party_data_columns,@,@,,@,*,ID,ID,CP2_UIV3|SCRN_UIV3S|UAE_UIV3
789,Y,third_party_database_details,@,@,,@,*,ID,ID,CP2_UIV3|SCRN_UIV3S|UAE_UIV3
790,Y,third_party_sales_scheduling,@,@,,@,*,ID,ID,CP2_UIV3|SCRN_UIV3S|UAE_UIV3
792,Y,transaction_reason,@,@,,@,*,ID,ID,CP2_UIV3|SCRN_UIV3S|UAE_UIV3
793,Y,transaction_reason_relationship,@,@,,@,*,ID,ID,CP2_UIV3|SCRN_UIV3S|UAE_UIV3
794,Y,triggering_criteria,@,@,,@,*,ID,ID,CP2_UIV3|SCRN_UIV3S
795,Y,triggering_criteria_template,@,@,,@,*,ID,ID,CP2_UIV3|SCRN_UIV3S
796,Y,udt_summary,@,@,,@,*,,,CP2_UIV3|SCRN_UIV3S
797,Y,unilever_page_access_log,@,@,,@,*,ID,ID,CP2_UIV3|SCRN_UIV3S
798,Y,unilever_reminder_notifications,@,@,,@,*,ID,ID,CP2_UIV3|SCRN_UIV3S
799,Y,unilever_target_oee_data,@,@,,@,*,ID,ID,CP2_UIV3|SCRN_UIV3S
801,Y,warehouse_scanned_items,@,@,,@,*,ID,ID,CP2_UIV3|SCRN_UIV3S
802,Y,wm_ef_migrations_history,@,@,,@,*,,,CP2_UIV3|SCRN_UIV3S
803,Y,wm_model,@,@,,@,*,ID,ID,CP2_UIV3|SCRN_UIV3S
804,Y,wm_model_mapping,@,@,,@,*,ID,ID,CP2_UIV3|SCRN_UIV3S
805,Y,wm_model_mapping_personnel,@,@,,@,*,ID,ID,CP2_UIV3|SCRN_UIV3S
806,Y,wm_model_mapping_personnel_transaction,@,@,,@,*,ID,ID,CP2_UIV3|SCRN_UIV3S
807,Y,wm_personnel,@,@,,@,*,ID,ID,CP2_UIV3|SCRN_UIV3S
808,Y,wm_station,@,@,,@,*,ID,ID,CP2_UIV3|SCRN_UIV3S
809,Y,workstation_audit_logs,@,@,,@,*,,,CP2_UIV3|SCRN_UIV3S|UAE_UIV3
810,Y,zoller_files,@,@,,@,*,ID,ID,CP2_UIV3|SCRN_UIV3S
811,Y,zoller_files_data,@,@,,@,*,ID,ID,CP2_UIV3|SCRN_UIV3S
812,Y,zoller_xml_file_export,@,@,,@,*,ID,ID,CP2_UIV3|SCRN_UIV3S
1012,Y,master_workcenter_expedite_queue_time,@,@,,@,*,ID|QUEUE_TIME_IN_HOUR,ID|QUEUE_TIME_IN_HOUR,CP2_ARCO|UAE_ARCO
1016,Y,schedule_unschedule_queue,@,@,,@,*,ID,ID,CP2_ARCO|UAE_ARCO
1105,Y,dashboard_azure,@,@,,@,*,,,CP2_UV3
1106,Y,dashboard_backup,@,@,,@,*,,,CP2_UV3
1246,Y,student,@,@,,@,*,,,CP2_UV3
1549,Y,temp_update_briir,@,@,,@,*,,,CP2_UIV3
1565,Y,uns_inventory,@,@,,@,*,,,CP2_UIV3
1915,Y,manualupdate,@,@,,@,*,,,UAE_UIV3
2926,Y,tm_ef_migrations_history,@,@,,@,*,,,CP2_UV4
2927,Y,tm_entity_type,@,@,,@,*,,,CP2_UV4
2928,Y,inv_item_type_managed_mode,@,@,,@,*,,,CP2_UV4
2929,Y,inv_rework_type,@,@,,@,*,,,CP2_UV4

