_job_num,_active,src_database,src_table,trg_table,load_type,incremental_column,operation,recon_count,recon_sum,recon_avg,tags
1,Y,@,so_details,@,@,create_date,@,*,unit_price|total_price|delivery_qty|invoice_qty|order_quantity|shipped_qty|ship_line_value,unit_price|total_price|delivery_qty|invoice_qty|order_quantity|shipped_qty|ship_line_value,so
2,Y,@,sale_order,@,@,write_date,@,*,,,sale
3,Y,@,uom_uom,@,@,,@,*,,,uom
20,Y,@,account_account,@,@,Modified_date_Time,@,*,,,account
21,Y,@,account_bank_statement,@,@,Modified_date_Time,@,*,,,account
22,Y,@,account_bank_statement_line,@,@,Modified_date_Time,@,*,amount_residual,amount_residual,account
23,Y,@,account_journal,@,@,Modified_date_Time,@,*,,,account
24,Y,@,account_move,@,@,Modified_date_Time,@,*,,,account
25,Y,@,account_move_line,@,@,Modified_date_Time,@,*,discount_percentage,discount_percentage,account
26,Y,@,account_payment,@,@,Modified_date_Time,@,*,,,account
27,Y,@,account_report,@,@,Modified_date_Time,@,*,,,account
28,Y,@,stock_location,@,@,Modified_date_Time,@,*,,,stock
29,Y,@,stock_lot,@,@,Modified_date_Time,@,*,,,stock
30,Y,@,stock_move,@,@,Modified_date_Time,@,*,price_unit|unit_factor|quantity,price_unit|unit_factor|quantity,stock
31,Y,@,stock_move_line,@,@,Modified_date_Time,@,*,reserved_quantity|quantity,reserved_quantity|quantity,stock
32,Y,@,stock_picking,@,@,Modified_date_Time,@,*,carrier_price|time_in_out,carrier_price|time_in_out,stock
33,Y,@,stock_picking_type,@,@,Modified_date_Time,@,*,,,stock
34,Y,@,stock_quant,@,@,Modified_date_Time,@,*,,,stock
35,Y,@,stock_report,@,@,Modified_date_Time,@,*,,,stock
36,N,Production_empty,stock_return_picking,@,@,Modified_date_Time,@,*,,,stock
37,N,Production_empty,stock_return_picking_line,@,@,Modified_date_Time,@,*,,,stock
38,Y,@,stock_scrap,@,@,Modified_date_Time,@,*,,,stock
39,Y,@,stock_warehouse,@,@,Modified_date_Time,@,*,,,stock
41,Y,@,sale_advance_payment_inv,@,@,Modified_date_Time,@,*,amount,amount,sale
42,N,Production_empty,sale_order_cancel,@,@,Modified_date_Time,@,*,,,sale
43,Y,@,sale_order_line,@,@,Modified_date_Time,@,*,price_tax|product_packaging_qty|customer_lead|planning_hours_planned|planning_hours_to_plan|new_sale_qty|sold_quantity,price_tax|product_packaging_qty|customer_lead|planning_hours_planned|planning_hours_to_plan|new_sale_qty|sold_quantity,sale
44,Y,@,purchase_bill_union,@,@,Modified_date_Time,@,*,,,purchase
45,Y,@,purchase_order,@,@,Modified_date_Time,@,*,currency_rate,currency_rate,purchase
46,Y,@,purchase_order_line,@,@,Modified_date_Time,@,*,product_uom_qty|price_tax|product_packaging_qty,product_uom_qty|price_tax|product_packaging_qty,purchase
47,Y,@,mrp_bom,@,@,Modified_date_Time,@,*,,,mrp
48,Y,@,mrp_bom_line,@,@,Modified_date_Time,@,*,,,mrp
49,Y,@,mrp_production,@,@,Modified_date_Time,@,*,product_uom_qty|extra_cost|so_subtotal|so_line_qty,product_uom_qty|extra_cost|so_subtotal|so_line_qty,mrp
50,Y,@,mrp_report,@,@,Modified_date_Time,@,*,,,mrp
51,Y,@,mrp_routing_workcenter,@,@,Modified_date_Time,@,*,time_cycle_manual|employee_ratio|time_cycle_manual_hours,time_cycle_manual|employee_ratio|time_cycle_manual_hours,mrp
52,Y,@,mrp_workcenter,@,@,Modified_date_Time,@,*,time_efficiency|default_capacity|costs_hour|time_start|time_stop|oee_target,time_efficiency|default_capacity|costs_hour|time_start|time_stop|oee_target,mrp
53,Y,@,mrp_workorder,@,@,Modified_date_Time,@,*,duration|duration_unit|costs_hour,duration|duration_unit|costs_hour,mrp
1951,Y,@,account_account,@,@,,@,*,,,account
1952,N,Production_empty,account_account_account_journal_rel,@,@,,@,*,,,account
1953,Y,@,account_account_account_tag,@,@,,@,*,,,account
1954,N,Production_empty,account_account_exclude_res_currency_provision,@,@,,@,*,,,account
1955,Y,@,account_account_tag,@,@,,@,*,,,account
1956,Y,@,account_account_tag_account_move_line_rel,@,@,,@,*,,,account
1957,Y,@,account_account_tag_account_tax_repartition_line_rel,@,@,,@,*,,,account
1958,N,Production_empty,account_account_tag_product_template_rel,@,@,,@,*,,,account
1959,N,Production_empty,account_account_tax_default_rel,@,@,,@,*,,,account
1960,Y,@,account_account_template,@,@,,@,*,,,account
1961,N,Production_empty,account_account_template_account_tag,@,@,,@,*,,,account
1962,N,Production_empty,account_account_template_tax_rel,@,@,,@,*,,,account
1963,Y,@,account_accrued_orders_wizard,@,@,,@,*,,,account
1964,N,Production_empty,account_analytic_account,@,@,,@,*,,,account
1965,N,Production_empty,account_analytic_account_account_transfer_model_line_rel,@,@,,@,*,,,account
1966,N,Production_empty,account_analytic_applicability,@,@,,@,*,,,account
1967,N,Production_empty,account_analytic_distribution_model,@,@,,@,*,,,account
1968,Y,@,account_analytic_line,@,@,,@,*,unit_amount,unit_amount,account
1969,N,Production_empty,account_analytic_line_mrp_workorder_rel,@,@,,@,*,,,account
1970,N,Production_empty,account_analytic_plan,@,@,,@,*,,,account
1971,Y,@,account_asset,@,@,,@,*,method_progress_factor|asset_paused_days,method_progress_factor|asset_paused_days,account
1972,Y,@,account_automatic_entry_wizard,@,@,,@,*,percentage,percentage,account
1973,N,Production_empty,account_automatic_entry_wizard_account_move_line_rel,@,@,,@,*,,,account
1974,Y,@,account_bank_statement,@,@,,@,*,,,account
2903,Y,@,account_account_consolidation_account_rel,@,@,,@,*,,,account
2904,Y,@,account_consolidation_inner_rel,@,@,,@,*,,,account
2905,Y,@,account_journal_consolidation_company_period_rel,@,@,,@,*,,,account
2906,Y,@,account_move_line_consolidation_journal_line_rel,@,@,,@,*,,,account
2907,Y,@,confirm_indirect_po_line_wizard,@,@,,@,*,,,confirm
2908,Y,@,consolidation_account,@,@,,@,*,,,consolidation
2909,Y,@,consolidation_accounts_rel,@,@,,@,*,,,consolidation
2910,Y,@,consolidation_chart,@,@,,@,*,,,consolidation
1975,N,Production_empty,account_bank_statement_ir_attachment_rel,@,@,,@,*,,,account
1976,Y,@,account_bank_statement_line,@,@,,@,*,amount_residual,amount_residual,account
1977,N,Production_empty,account_budget_post,@,@,,@,*,,,account
1978,N,Production_empty,account_budget_rel,@,@,,@,*,,,account
1979,N,Production_empty,account_cash_rounding,@,@,,@,*,rounding,rounding,account
2300,Y,@,hr_bank_details,@,@,,@,*,,,hr
2301,N,Production_empty,hr_cont_prod,@,@,,@,*,,,hr
2302,Y,@,hr_contract,@,@,,@,*,work_time_rate|wage_to_pay|rate_per_hour,work_time_rate|wage_to_pay|rate_per_hour,hr
2303,N,Production_empty,hr_contract_additional_allowances,@,@,,@,*,amount,amount,hr
2304,N,Production_empty,hr_contract_hr_payroll_index_rel,@,@,,@,*,,,hr
2305,N,Production_empty,hr_contract_income_tax,@,@,,@,*,,,hr
2306,N,Production_empty,hr_contract_input_type,@,@,,@,*,amount,amount,hr
2307,Y,@,hr_contract_type,@,@,,@,*,,,hr
2308,Y,@,hr_department,@,@,,@,*,,,hr
2309,Y,@,hr_department_hr_leave_stress_day_rel,@,@,,@,*,,,hr
2310,N,Production_empty,hr_department_mail_channel_rel,@,@,,@,*,,,hr
2311,Y,@,hr_departure_reason,@,@,,@,*,,,hr
2312,N,Production_empty,hr_departure_wizard,@,@,,@,*,,,hr
2313,N,Production_empty,hr_education_information,@,@,,@,*,,,hr
2314,N,Production_empty,hr_employe_appendix8a_text_rel,@,@,,@,*,,,hr
2315,N,Production_empty,hr_employe_appendix8b_text_rel,@,@,,@,*,,,hr
2316,N,Production_empty,hr_employe_cpf_text_rel,@,@,,@,*,,,hr
2317,N,Production_empty,hr_employe_ir8a_text_rel,@,@,,@,*,,,hr
2318,N,Production_empty,hr_employe_ir8s_txt_rel,@,@,,@,*,,,hr
2319,N,Production_empty,hr_employe_salary_rule_rel,@,@,,@,*,,,hr
2320,Y,@,hr_employee,@,@,,@,*,,,hr
2321,N,Production_empty,hr_employee_bank_rel_tbl,@,@,,@,*,,,hr
2322,Y,@,hr_employee_category,@,@,,@,*,,,hr
2323,N,Production_empty,hr_employee_cheque_rel,@,@,,@,*,,,hr
2324,N,Production_empty,hr_employee_group_rel,@,@,,@,*,,,hr
2325,Y,@,hr_employee_hr_leave_allocation_rel,@,@,,@,*,,,hr
2326,Y,@,hr_employee_hr_leave_rel,@,@,,@,*,,,hr
2327,N,Production_empty,hr_employee_hr_plan_wizard_rel,@,@,,@,*,,,hr
2328,N,Production_empty,hr_employee_hr_work_entry_regeneration_wizard_rel,@,@,,@,*,,,hr
2329,N,Production_empty,hr_employee_mrp_workcenter_rel,@,@,,@,*,,,hr
2330,Y,@,hr_employee_mrp_workorder_rel,@,@,,@,*,,,hr
2331,N,Production_empty,hr_employee_payroll_rel,@,@,,@,*,,,hr
2332,N,Production_empty,hr_employee_payroll_rel4,@,@,,@,*,,,hr
2333,N,Production_empty,hr_employee_planning_send_rel,@,@,,@,*,,,hr
2334,N,Production_empty,hr_employee_slot_planning_select_send_rel,@,@,,@,*,,,hr
2335,Y,@,hr_expense,@,@,,@,*,,,hr
2336,N,Production_empty,hr_expense_approve_duplicate,@,@,,@,*,,,hr
2337,N,Production_empty,hr_expense_approve_duplicate_hr_expense_sheet_rel,@,@,,@,*,,,hr
2338,N,Production_empty,hr_expense_extract_words,@,@,,@,*,,,hr
2339,N,Production_empty,hr_expense_hr_expense_approve_duplicate_rel,@,@,,@,*,,,hr
2340,N,Production_empty,hr_expense_hr_expense_refuse_wizard_rel,@,@,,@,*,,,hr
1980,N,Production_empty,account_change_lock_date,@,@,,@,*,,,account
1981,Y,@,account_chart_template,@,@,,@,*,,,account
1982,N,Production_empty,account_edi_document,@,@,,@,*,,,account
1983,Y,@,account_edi_format,@,@,,@,*,,,account
1984,N,Production_empty,account_edi_format_account_journal_rel,@,@,,@,*,,,account
1985,N,Production_empty,account_financial_year_op,@,@,,@,*,,,account
1986,Y,@,account_fiscal_position,@,@,,@,*,,,account
1987,N,Production_empty,account_fiscal_position_account,@,@,,@,*,,,account
1988,N,Production_empty,account_fiscal_position_account_template,@,@,,@,*,,,account
1989,Y,@,account_fiscal_position_res_country_state_rel,@,@,,@,*,,,account
1990,Y,@,account_fiscal_position_tax,@,@,,@,*,,,account
1991,Y,@,account_fiscal_position_tax_template,@,@,,@,*,,,account
1992,Y,@,account_fiscal_position_template,@,@,,@,*,,,account
1993,Y,@,account_fiscal_position_template_res_country_state_rel,@,@,,@,*,,,account
1994,N,Production_empty,account_fiscal_year,@,@,,@,*,,,account
1995,Y,@,account_followup_followup_line,@,@,,@,*,,,account
1996,N,Production_empty,account_followup_manual_reminder,@,@,,@,*,,,account
1997,N,Production_empty,account_followup_manual_reminder_ir_attachment_rel,@,@,,@,*,,,account
1998,Y,@,account_full_reconcile,@,@,,@,*,,,account
1999,Y,@,account_group,@,@,,@,*,,,account
2000,N,Production_empty,account_group_template,@,@,,@,*,,,account
2001,Y,@,account_incoterms,@,@,,@,*,,,account
2002,N,Production_empty,account_invoice_extract_words,@,@,,@,*,word_box_midX|word_box_midY|word_box_width|word_box_height|word_box_angle,word_box_midX|word_box_midY|word_box_width|word_box_height|word_box_angle,account
2003,N,Production_empty,account_invoice_send,@,@,,@,*,,,account
2004,N,Production_empty,account_invoice_transaction_rel,@,@,,@,*,,,account
2005,Y,@,account_journal,@,@,,@,*,,,account
2006,N,Production_empty,account_journal_account_journal_group_rel,@,@,,@,*,,,account
2007,N,Production_empty,account_journal_account_reconcile_model_rel,@,@,,@,*,,,account
2008,N,Production_empty,account_journal_account_reconcile_model_template_rel,@,@,,@,*,,,account
2009,N,Production_empty,account_journal_group,@,@,,@,*,,,account
2010,N,Production_empty,account_link_journal,@,@,,@,*,,,account
2011,N,Production_empty,account_link_journal_line,@,@,,@,*,,,account
2012,N,Production_empty,account_model_rel,@,@,,@,*,,,account
2013,Y,@,account_move,@,@,,@,*,,,account
2014,N,Production_empty,account_move_account_invoice_send_rel,@,@,,@,*,,,account
2015,N,Production_empty,account_move_account_resequence_wizard_rel,@,@,,@,*,,,account
2016,N,Production_empty,account_move_asset_modify_rel,@,@,,@,*,,,account
2017,Y,@,account_move_line,@,@,,@,*,discount_percentage,discount_percentage,account
2018,Y,@,account_move_line_account_tax_rel,@,@,,@,*,,,account
2019,N,Production_empty,account_move_line_asset_modify_rel,@,@,,@,*,,,account
2020,Y,@,account_move_purchase_order_rel,@,@,,@,*,,,account
2021,N,Production_empty,account_move_reversal,@,@,,@,*,,,account
2022,N,Production_empty,account_move_reversal_move,@,@,,@,*,,,account
2023,N,Production_empty,account_move_reversal_new_move,@,@,,@,*,,,account
2024,Y,@,account_move_stock_picking_rel,@,@,,@,*,,,account
2025,N,Production_empty,account_multicurrency_revaluation_wizard,@,@,,@,*,,,account
2026,N,Production_empty,account_online_account,@,@,,@,*,balance,balance,account
2027,Y,@,account_online_link,@,@,,@,*,,,account
2028,Y,@,account_partial_reconcile,@,@,,@,*,,,account
2029,Y,@,account_payment,@,@,,@,*,,,account
2030,N,Production_empty,account_payment_account_bank_statement_line_rel,@,@,,@,*,,,account
2031,Y,@,account_payment_method,@,@,,@,*,,,account
2032,Y,@,account_payment_method_line,@,@,,@,*,,,account
2033,Y,@,account_payment_register,@,@,,@,*,,,account
2034,N,Production_empty,account_payment_register_move_line_rel,@,@,,@,*,,,account
2035,Y,@,account_payment_term,@,@,,@,*,,,account
2036,Y,@,account_payment_term_line,@,@,,@,*,discount_percentage,discount_percentage,account
2037,Y,@,account_reconcile_model,@,@,,@,*,match_amount_min|match_amount_max|payment_tolerance_param,match_amount_min|match_amount_max|payment_tolerance_param,account
2038,N,Production_empty,account_reconcile_model_line,@,@,,@,*,amount,amount,account
2039,N,Production_empty,account_reconcile_model_line_account_tax_rel,@,@,,@,*,,,account
2040,N,Production_empty,account_reconcile_model_line_template,@,@,,@,*,,,account
2041,N,Production_empty,account_reconcile_model_line_template_account_tax_template_rel,@,@,,@,*,,,account
2042,N,Production_empty,account_reconcile_model_partner_mapping,@,@,,@,*,,,account
2043,N,Production_empty,account_reconcile_model_res_partner_category_rel,@,@,,@,*,,,account
2044,N,Production_empty,account_reconcile_model_res_partner_rel,@,@,,@,*,,,account
2045,N,Production_empty,account_reconcile_model_template,@,@,,@,*,,,account
2046,N,Production_empty,account_reconcile_model_template_res_partner_category_rel,@,@,,@,*,,,account
2047,N,Production_empty,account_reconcile_model_template_res_partner_rel,@,@,,@,*,,,account
2048,Y,@,account_report,@,@,,@,*,,,account
2049,N,Production_empty,account_report_account_report_horizontal_group_rel,@,@,,@,*,,,account
2050,Y,@,account_report_column,@,@,,@,*,,,account
2051,Y,@,account_report_expression,@,@,,@,*,,,account
2052,N,Production_empty,account_report_external_value,@,@,,@,*,,,account
2053,N,Production_empty,account_report_footnote,@,@,,@,*,,,account
2054,N,Production_empty,account_report_horizontal_group,@,@,,@,*,,,account
2055,N,Production_empty,account_report_horizontal_group_rule,@,@,,@,*,,,account
2056,Y,@,account_report_line,@,@,,@,*,,,account
2057,Y,@,account_report_manager,@,@,,@,*,,,account
2058,N,Production_empty,account_reports_export_wizard,@,@,,@,*,,,account
2059,N,Production_empty,account_reports_export_wizard_format,@,@,,@,*,,,account
2060,N,Production_empty,account_resequence_wizard,@,@,,@,*,,,account
2061,N,Production_empty,account_setup_bank_manual_config,@,@,,@,*,,,account
2062,Y,@,account_tax,@,@,,@,*,real_amount,real_amount,account
2063,N,Production_empty,account_tax_filiation_rel,@,@,,@,*,,,account
2064,Y,@,account_tax_group,@,@,,@,*,,,account
2065,N,Production_empty,account_tax_hr_expense_split_rel,@,@,,@,*,,,account
2066,Y,@,account_tax_purchase_order_line_rel,@,@,,@,*,,,account
2067,Y,@,account_tax_rep_template_minus,@,@,,@,*,,,account
2068,Y,@,account_tax_rep_template_plus,@,@,,@,*,,,account
2069,Y,@,account_tax_repartition_financial_tags,@,@,,@,*,,,account
2070,Y,@,account_tax_repartition_line,@,@,,@,*,factor_percent,factor_percent,account
2071,Y,@,account_tax_repartition_line_template,@,@,,@,*,factor_percent,factor_percent,account
2072,N,Production_empty,account_tax_sale_advance_payment_inv_rel,@,@,,@,*,,,account
2073,Y,@,account_tax_sale_order_line_rel,@,@,,@,*,,,account
2074,Y,@,account_tax_template,@,@,,@,*,,,account
2075,N,Production_empty,account_tax_template_filiation_rel,@,@,,@,*,,,account
2076,N,Production_empty,account_tax_unit,@,@,,@,*,,,account
2077,N,Production_empty,account_tax_unit_res_company_rel,@,@,,@,*,,,account
2078,N,Production_empty,account_tour_upload_bill,@,@,,@,*,,,account
2079,N,Production_empty,account_tour_upload_bill_email_confirm,@,@,,@,*,,,account
2080,N,Production_empty,account_tour_upload_bill_ir_attachments_rel,@,@,,@,*,,,account
2081,N,Production_empty,account_transfer_model,@,@,,@,*,,,account
2082,N,Production_empty,account_transfer_model_line,@,@,,@,*,percent,percent,account
2083,N,Production_empty,account_transfer_model_line_res_partner_rel,@,@,,@,*,,,account
2084,N,Production_empty,account_unreconcile,@,@,,@,*,,,account
2085,Y,@,appendix_8b_income_tax,@,@,,@,*,,,appendix
2086,Y,@,approval_approver,@,@,,@,*,,,approval
2087,Y,@,approval_category,@,@,,@,*,,,approval
2088,Y,@,approval_category_approver,@,@,,@,*,,,approval
2089,N,Production_empty,approval_product_line,@,@,,@,*,quantity,quantity,approval
2090,Y,@,approval_request,@,@,,@,*,quantity|amount,quantity|amount,approval
2091,Y,@,approvers_1_groups,@,@,,@,*,,,approvers
2092,Y,@,approvers_2_groups,@,@,,@,*,,,approvers
2093,Y,@,approvers_3_groups,@,@,,@,*,,,approvers
2094,Y,@,asset_modify,@,@,,@,*,,,asset
2095,Y,@,asset_move_line_rel,@,@,,@,*,,,asset
2096,Y,@,attendance_log,@,@,,@,*,,,attendance
2097,N,Production_empty,auditlog_autovacuum,@,@,,@,*,,,auditlog
2098,Y,@,auditlog_http_request,@,@,,@,*,,,auditlog
2099,Y,@,auditlog_http_session,@,@,,@,*,,,auditlog
2100,Y,@,auditlog_log,@,@,,@,*,,,auditlog
2101,Y,@,auditlog_log_line,@,@,,@,*,,,auditlog
2102,Y,@,auditlog_rule,@,@,,@,*,,,auditlog
2103,Y,@,auditlog_rule_ir_model_fields_rel,@,@,,@,*,,,auditlog
2104,N,Production_empty,auditlog_rule_res_users_rel,@,@,,@,*,,,auditlog
2105,N,Production_empty,audittail_rules_users,@,@,,@,*,,,audittail
2106,N,Production_empty,auth_totp_device,@,@,,@,*,,,auth
2107,N,Production_empty,auth_totp_wizard,@,@,,@,*,,,auth
2108,Y,@,barcode_nomenclature,@,@,,@,*,,,barcode
2109,Y,@,barcode_rule,@,@,,@,*,,,barcode
2110,Y,@,base_automation,@,@,,@,*,,,base
2111,Y,@,base_automation_ir_model_fields_rel,@,@,,@,*,,,base
2112,N,Production_empty,base_automation_onchange_fields_rel,@,@,,@,*,,,base
2113,N,Production_empty,base_document_layout,@,@,,@,*,,,base
2114,N,Production_empty,base_enable_profiling_wizard,@,@,,@,*,,,base
2115,N,Production_empty,base_import_import,@,@,,@,*,,,base
2116,Y,@,base_import_mapping,@,@,,@,*,,,base
2117,N,Production_empty,base_import_module,@,@,,@,*,,,base
2118,N,Production_empty,base_import_tests_models_char,@,@,,@,*,,,base
2119,N,Production_empty,base_import_tests_models_char_noreadonly,@,@,,@,*,,,base
2120,N,Production_empty,base_import_tests_models_char_readonly,@,@,,@,*,,,base
2121,N,Production_empty,base_import_tests_models_char_required,@,@,,@,*,,,base
2122,N,Production_empty,base_import_tests_models_char_states,@,@,,@,*,,,base
2123,N,Production_empty,base_import_tests_models_char_stillreadonly,@,@,,@,*,,,base
2124,Y,@,base_import_tests_models_complex,@,@,,@,*,f,f,base
2125,Y,@,base_import_tests_models_float,@,@,,@,*,value,value,base
2126,N,Production_empty,base_import_tests_models_m2o,@,@,,@,*,,,base
2127,N,Production_empty,base_import_tests_models_m2o_related,@,@,,@,*,,,base
2128,N,Production_empty,base_import_tests_models_m2o_required,@,@,,@,*,,,base
2129,N,Production_empty,base_import_tests_models_m2o_required_related,@,@,,@,*,,,base
2130,N,Production_empty,base_import_tests_models_o2m,@,@,,@,*,,,base
2131,N,Production_empty,base_import_tests_models_o2m_child,@,@,,@,*,,,base
2132,N,Production_empty,base_import_tests_models_preview,@,@,,@,*,,,base
2133,N,Production_empty,base_language_export,@,@,,@,*,,,base
2134,N,Production_empty,base_language_import,@,@,,@,*,,,base
2135,N,Production_empty,base_language_install,@,@,,@,*,,,base
2136,N,Production_empty,base_language_install_website_rel,@,@,,@,*,,,base
2137,N,Production_empty,base_module_install_request,@,@,,@,*,,,base
2138,N,Production_empty,base_module_install_review,@,@,,@,*,,,base
2139,N,Production_empty,base_module_uninstall,@,@,,@,*,,,base
2140,N,Production_empty,base_module_update,@,@,,@,*,,,base
2141,N,Production_empty,base_module_upgrade,@,@,,@,*,,,base
2142,Y,@,base_partner_merge_automatic_wizard,@,@,,@,*,,,base
2143,Y,@,base_partner_merge_automatic_wizard_res_partner_rel,@,@,,@,*,,,base
2144,N,Production_empty,base_partner_merge_line,@,@,,@,*,,,base
2145,Y,@,basin,@,@,,@,*,,,basin
2146,N,Production_empty,binary_appendix8a_text_file_wizard,@,@,,@,*,,,binary
2147,N,Production_empty,binary_appendix8a_xml_file_wizard,@,@,,@,*,,,binary
2148,N,Production_empty,binary_appendix8b_text_file_wizard,@,@,,@,*,,,binary
2149,N,Production_empty,binary_appendix8b_xml_file_wizard,@,@,,@,*,,,binary
2150,N,Production_empty,binary_cimb_bank_text_file_wizard,@,@,,@,*,,,binary
2151,N,Production_empty,binary_cpf_text_file_wizard,@,@,,@,*,,,binary
2152,N,Production_empty,binary_dbs_bank_file_wizard,@,@,,@,*,,,binary
2153,N,Production_empty,binary_ir8a_text_file_wizard,@,@,,@,*,,,binary
2154,N,Production_empty,binary_ir8a_xml_file_wizard,@,@,,@,*,,,binary
2155,N,Production_empty,binary_ir8s_text_file_wizard,@,@,,@,*,,,binary
2156,N,Production_empty,binary_ir8s_xml_file_wizard,@,@,,@,*,,,binary
2157,N,Production_empty,binary_ocbc_bank_file_wizard,@,@,,@,*,,,binary
2158,N,Production_empty,bom_component_wizard,@,@,,@,*,,,bom
2159,N,Production_empty,bom_component_wizard_line,@,@,,@,*,,,bom
2160,N,Production_empty,bom_component_wizard_line_stock_route_rel,@,@,,@,*,,,bom
2161,N,Production_empty,bom_operation_wizard,@,@,,@,*,,,bom
2162,N,Production_empty,bom_operation_wizard_line,@,@,,@,*,cycle_time,cycle_time,bom
2163,Y,@,bus_bus,@,@,,@,*,,,bus
2164,Y,@,bus_presence,@,@,,@,*,,,bus
2165,Y,@,calendar_alarm,@,@,,@,*,,,calendar
2166,N,Production_empty,calendar_alarm_calendar_event_rel,@,@,,@,*,,,calendar
2167,Y,@,calendar_attendee,@,@,,@,*,,,calendar
2168,Y,@,calendar_event,@,@,,@,*,,,calendar
2169,Y,@,calendar_event_res_partner_rel,@,@,,@,*,,,calendar
2170,N,Production_empty,calendar_event_type,@,@,,@,*,,,calendar
2171,N,Production_empty,calendar_filters,@,@,,@,*,,,calendar
2172,N,Production_empty,calendar_provider_config,@,@,,@,*,,,calendar
2173,N,Production_empty,calendar_recurrence,@,@,,@,*,,,calendar
2174,N,Production_empty,change_password_own,@,@,,@,*,,,change
2175,N,Production_empty,change_password_user,@,@,,@,*,,,change
2176,N,Production_empty,change_password_wizard,@,@,,@,*,,,change
2177,Y,@,change_production_qty,@,@,,@,*,,,change
2178,N,Production_empty,children_details,@,@,,@,*,,,children
2179,N,Production_empty,choose_delivery_carrier,@,@,,@,*,delivery_price|display_price,delivery_price|display_price,choose
2180,N,Production_empty,choose_delivery_package,@,@,,@,*,shipping_weight,shipping_weight,choose
2181,N,Production_empty,cimb_bank_text_file,@,@,,@,*,,,cimb
2182,Y,@,company_bank_account,@,@,,@,*,,,company
2183,Y,@,confirm_location_wizard,@,@,,@,*,,,confirm
2184,N,Production_empty,confirm_stock_sms,@,@,,@,*,,,confirm
2185,Y,@,control_tower_wizard,@,@,,@,*,,,control
2186,N,Production_empty,cpf_binary_wizard,@,@,,@,*,,,cpf
2187,N,Production_empty,cpf_employee_rel,@,@,,@,*,,,cpf
2188,N,Production_empty,cpf_payment_wizard,@,@,,@,*,,,cpf
2189,N,Production_empty,cpf_rule_text_file,@,@,,@,*,,,cpf
2190,Y,@,create_rfq,@,@,,@,*,,,create
2191,N,Production_empty,crm_convert_lead_mass_lead_rel,@,@,,@,*,,,crm
2192,N,Production_empty,crm_iap_lead_helpers,@,@,,@,*,,,crm
2193,Y,@,crm_iap_lead_industry,@,@,,@,*,,,crm
2194,Y,@,crm_iap_lead_industry_crm_iap_lead_mining_request_rel,@,@,,@,*,,,crm
2195,Y,@,crm_iap_lead_mining_request,@,@,,@,*,,,crm
2196,Y,@,crm_iap_lead_mining_request_crm_iap_lead_role_rel,@,@,,@,*,,,crm
2197,Y,@,crm_iap_lead_mining_request_crm_tag_rel,@,@,,@,*,,,crm
2198,Y,@,crm_iap_lead_mining_request_res_country_rel,@,@,,@,*,,,crm
2199,N,Production_empty,crm_iap_lead_mining_request_res_country_state_rel,@,@,,@,*,,,crm
2200,Y,@,crm_iap_lead_role,@,@,,@,*,,,crm
2201,Y,@,crm_iap_lead_seniority,@,@,,@,*,,,crm
2202,Y,@,crm_lead,@,@,,@,*,day_open|day_close|probability|automated_probability|days_to_convert|days_exceeding_closing,day_open|day_close|probability|automated_probability|days_to_convert|days_exceeding_closing,crm
2203,N,Production_empty,crm_lead2opportunity_partner,@,@,,@,*,,,crm
2204,N,Production_empty,crm_lead2opportunity_partner_mass,@,@,,@,*,,,crm
2205,N,Production_empty,crm_lead2opportunity_partner_mass_res_users_rel,@,@,,@,*,,,crm
2206,N,Production_empty,crm_lead_crm_lead2opportunity_partner_mass_rel,@,@,,@,*,,,crm
2207,N,Production_empty,crm_lead_crm_lead2opportunity_partner_rel,@,@,,@,*,,,crm
2208,N,Production_empty,crm_lead_lost,@,@,,@,*,,,crm
2209,N,Production_empty,crm_lead_pls_update,@,@,,@,*,,,crm
2210,N,Production_empty,crm_lead_pls_update_crm_lead_scoring_frequency_field_rel,@,@,,@,*,,,crm
2211,Y,@,crm_lead_scoring_frequency,@,@,,@,*,,,crm
2212,Y,@,crm_lead_scoring_frequency_field,@,@,,@,*,,,crm
2213,N,Production_empty,crm_lead_website_visitor_rel,@,@,,@,*,,,crm
2214,Y,@,crm_lost_reason,@,@,,@,*,,,crm
2215,N,Production_empty,crm_merge_opportunity,@,@,,@,*,,,crm
2216,N,Production_empty,crm_quotation_partner,@,@,,@,*,,,crm
2217,Y,@,crm_recurring_plan,@,@,,@,*,,,crm
2218,Y,@,crm_stage,@,@,,@,*,,,crm
2219,Y,@,crm_tag,@,@,,@,*,,,crm
2220,N,Production_empty,crm_tag_rel,@,@,,@,*,,,crm
2221,Y,@,crm_team,@,@,,@,*,,,crm
2222,Y,@,crm_team_member,@,@,,@,*,,,crm
2223,N,Production_empty,crossovered_budget,@,@,,@,*,,,crossovered
2224,Y,@,crossovered_budget_lines,@,@,,@,*,,,crossovered
2225,Y,@,custom_dashboard,@,@,,@,*,,,custom
2226,Y,@,customer_po,@,@,,@,*,,,customer
2227,N,Production_empty,daily_attendance_group_report_wizard,@,@,,@,*,,,daily
2228,N,Production_empty,daily_attendance_group_report_wizard_hr_department_rel,@,@,,@,*,,,daily
2229,N,Production_empty,dashboard_wizard,@,@,,@,*,,,dashboard
2230,N,Production_empty,dbs_bank_specification,@,@,,@,*,,,dbs
2231,Y,@,decimal_precision,@,@,,@,*,,,decimal
2232,Y,@,delivery_carrier,@,@,,@,*,margin|amount|fixed_price,margin|amount|fixed_price,delivery
2233,N,Production_empty,delivery_carrier_country_rel,@,@,,@,*,,,delivery
2234,N,Production_empty,delivery_carrier_state_rel,@,@,,@,*,,,delivery
2235,Y,@,delivery_price_rule,@,@,,@,*,max_value,max_value,delivery
2236,N,Production_empty,delivery_zip_prefix,@,@,,@,*,,,delivery
2237,N,Production_empty,delivery_zip_prefix_rel,@,@,,@,*,,,delivery
2238,N,Production_empty,designation_group,@,@,,@,*,,,designation
2239,N,Production_empty,digest_digest,@,@,,@,*,,,digest
2240,N,Production_empty,digest_digest_res_users_rel,@,@,,@,*,,,digest
2241,Y,@,digest_tip,@,@,,@,*,,,digest
2242,Y,@,digest_tip_res_users_rel,@,@,,@,*,,,digest
2243,N,Production_empty,dms_acc_rep_export_wizard_format_rel,@,@,,@,*,,,dms
2244,Y,@,document_tag_rel,@,@,,@,*,,,document
2245,N,Production_empty,document_type,@,@,,@,*,,,document
2246,N,Production_empty,documents_account_folder_setting,@,@,,@,*,,,documents
2247,N,Production_empty,documents_account_folder_setting_documents_tag_rel,@,@,,@,*,,,documents
2248,Y,@,documents_document,@,@,,@,*,,,documents
2249,N,Production_empty,documents_document_documents_link_to_record_wizard_rel,@,@,,@,*,,,documents
2250,N,Production_empty,documents_document_documents_share_rel,@,@,,@,*,,,documents
2251,N,Production_empty,documents_document_ir_attachment_rel,@,@,,@,*,,,documents
2252,N,Production_empty,documents_document_res_users_rel,@,@,,@,*,,,documents
2253,Y,@,documents_facet,@,@,,@,*,,,documents
2254,Y,@,documents_folder,@,@,,@,*,,,documents
2255,N,Production_empty,documents_folder_deletion_wizard,@,@,,@,*,,,documents
2256,Y,@,documents_folder_read_groups,@,@,,@,*,,,documents
2257,Y,@,documents_folder_res_groups_rel,@,@,,@,*,,,documents
2258,Y,@,documents_hr_contracts_tags_table,@,@,,@,*,,,documents
2259,N,Production_empty,documents_link_to_record_wizard,@,@,,@,*,,,documents
2260,N,Production_empty,documents_request_wizard,@,@,,@,*,,,documents
2261,N,Production_empty,documents_request_wizard_documents_tag_rel,@,@,,@,*,,,documents
2262,Y,@,documents_share,@,@,,@,*,,,documents
2263,Y,@,documents_share_documents_tag_rel,@,@,,@,*,,,documents
2264,Y,@,documents_tag,@,@,,@,*,,,documents
2265,N,Production_empty,documents_tag_mail_activity_type_rel,@,@,,@,*,,,documents
2266,Y,@,documents_workflow_action,@,@,,@,*,,,documents
2267,Y,@,documents_workflow_rule,@,@,,@,*,,,documents
2268,Y,@,email_template_attachment_rel,@,@,,@,*,,,email
2269,N,Production_empty,emp_appendix8a_text_file,@,@,,@,*,,,emp
2270,N,Production_empty,emp_appendix8b_text_file,@,@,,@,*,,,emp
2271,N,Production_empty,emp_ir8a_text_file,@,@,,@,*,,,emp
2272,N,Production_empty,emp_ir8s_text_file,@,@,,@,*,,,emp
2273,Y,@,employee_category,@,@,,@,*,,,employee
2274,Y,@,employee_category_rel,@,@,,@,*,,,employee
2275,Y,@,employee_city,@,@,,@,*,,,employee
2276,Y,@,employee_country,@,@,,@,*,,,employee
2277,Y,@,employee_history,@,@,,@,*,,,employee
2278,N,Production_empty,employee_id_type,@,@,,@,*,,,employee
2279,N,Production_empty,employee_immigration,@,@,,@,*,,,employee
2280,Y,@,employee_nationality,@,@,,@,*,,,employee
2281,N,Production_empty,employee_request_wizard,@,@,,@,*,,,employee
2282,N,Production_empty,employee_request_wizard_hr_employee_rel,@,@,,@,*,,,employee
2283,N,Production_empty,employee_training,@,@,,@,*,,,employee
2284,Y,@,employment_type,@,@,,@,*,,,employment
2285,Y,@,end_user,@,@,,@,*,,,end
2286,Y,@,endtoend_dashboard,@,@,,@,*,unit_price|total_price|mo_quantity|orderline_unit_price|orderline_total_price,unit_price|total_price|mo_quantity|orderline_unit_price|orderline_total_price,endtoend
2287,Y,@,endtoend_dashboard_wizard,@,@,,@,*,,,endtoend
2288,N,Production_empty,excel_export_cheque_summary,@,@,,@,*,,,excel
2289,N,Production_empty,excel_export_summary,@,@,,@,*,,,excel
2290,N,Production_empty,excluded_tag_ids_rule_table,@,@,,@,*,,,excluded
2291,Y,@,expense_sample_receipt,@,@,,@,*,,,expense
2292,N,Production_empty,expense_sample_register,@,@,,@,*,amount,amount,expense
2293,Y,@,expense_tax,@,@,,@,*,,,expense
2294,N,Production_empty,export_employee_data_record_xls,@,@,,@,*,,,export
2295,N,Production_empty,export_employee_summary_wiz,@,@,,@,*,,,export
2296,N,Production_empty,export_wiz_document_tag_rel,@,@,,@,*,,,export
2297,Y,@,fetchmail_server,@,@,,@,*,,,fetchmail
2298,Y,@,hr_attendance,@,@,,@,*,worked_hours,worked_hours,hr
2299,N,Production_empty,hr_attendance_overtime,@,@,,@,*,,,hr
2341,N,Production_empty,hr_expense_refuse_wizard,@,@,,@,*,,,hr
2342,Y,@,hr_expense_sheet,@,@,,@,*,,,hr
2343,Y,@,hr_expense_split,@,@,,@,*,,,hr
2344,N,Production_empty,hr_expense_split_wizard,@,@,,@,*,,,hr
2345,N,Production_empty,hr_holidays_cancel_leave,@,@,,@,*,,,hr
2346,N,Production_empty,hr_holidays_summary_employee,@,@,,@,*,,,hr
2347,Y,@,hr_job,@,@,,@,*,,,hr
2348,Y,@,hr_leave,@,@,,@,*,number_of_days,number_of_days,hr
2349,Y,@,hr_leave_accrual_level,@,@,,@,*,maximum_leave,maximum_leave,hr
2350,N,Production_empty,hr_leave_accrual_plan,@,@,,@,*,,,hr
2351,Y,@,hr_leave_allocation,@,@,,@,*,number_of_days,number_of_days,hr
2352,Y,@,hr_leave_stress_day,@,@,,@,*,,,hr
2353,Y,@,hr_leave_type,@,@,,@,*,,,hr
2354,Y,@,hr_payroll_edit_payslip_line,@,@,,@,*,,,hr
2355,N,Production_empty,hr_payroll_edit_payslip_lines_wizard,@,@,,@,*,,,hr
2356,N,Production_empty,hr_payroll_edit_payslip_worked_days_line,@,@,,@,*,number_of_days|number_of_hours|amount,number_of_days|number_of_hours|amount,hr
2357,N,Production_empty,hr_payroll_index,@,@,,@,*,percentage,percentage,hr
2358,Y,@,hr_payroll_structure,@,@,,@,*,,,hr
2359,Y,@,hr_payroll_structure_hr_payslip_input_type_rel,@,@,,@,*,,,hr
2360,Y,@,hr_payroll_structure_hr_work_entry_type_rel,@,@,,@,*,,,hr
2361,Y,@,hr_payroll_structure_type,@,@,,@,*,,,hr
2362,Y,@,hr_payslip,@,@,,@,*,sum_worked_hours|overtime_hours|given_ow|given_aw|already_given_ow_aw,sum_worked_hours|overtime_hours|given_ow|given_aw|already_given_ow_aw,hr
2363,N,Production_empty,hr_payslip_employees,@,@,,@,*,,,hr
2364,N,Production_empty,hr_payslip_hr_salary_attachment_rel,@,@,,@,*,,,hr
2365,N,Production_empty,hr_payslip_input,@,@,,@,*,amount,amount,hr
2366,Y,@,hr_payslip_input_type,@,@,,@,*,,,hr
2367,Y,@,hr_payslip_line,@,@,,@,*,ow_total|aw_total,ow_total|aw_total,hr
2368,Y,@,hr_payslip_run,@,@,,@,*,,,hr
2369,Y,@,hr_payslip_worked_days,@,@,,@,*,number_of_days|number_of_hours,number_of_days|number_of_hours,hr
2370,Y,@,hr_plan,@,@,,@,*,,,hr
2371,Y,@,hr_plan_activity_type,@,@,,@,*,,,hr
2372,N,Production_empty,hr_plan_wizard,@,@,,@,*,,,hr
2373,Y,@,hr_rule_parameter,@,@,,@,*,,,hr
2374,Y,@,hr_rule_parameter_value,@,@,,@,*,,,hr
2375,Y,@,hr_salary_attachment,@,@,,@,*,,,hr
2376,Y,@,hr_salary_rule,@,@,,@,*,condition_range_min|condition_range_max,condition_range_min|condition_range_max,hr
2377,Y,@,hr_salary_rule_category,@,@,,@,*,,,hr
2378,N,Production_empty,hr_user_work_entry_employee,@,@,,@,*,,,hr
2379,Y,@,hr_work_entry,@,@,,@,*,duration,duration,hr
2380,N,Production_empty,hr_work_entry_regeneration_wizard,@,@,,@,*,,,hr
2381,Y,@,hr_work_entry_type,@,@,,@,*,,,hr
2382,Y,@,hr_work_location,@,@,,@,*,,,hr
2383,Y,@,hs_code,@,@,,@,*,,,hs
2384,Y,@,iap_account,@,@,,@,*,,,iap
2385,N,Production_empty,iap_account_res_company_rel,@,@,,@,*,,,iap
2386,N,Production_empty,ihrms_hr_employee_export_summary_rel,@,@,,@,*,,,ihrms
2387,N,Production_empty,import_inventory_stock,@,@,,@,*,,,import
2388,N,Production_empty,import_open_mo,@,@,,@,*,,,import
2389,N,Production_empty,import_purchase_order,@,@,,@,*,,,import
2390,N,Production_empty,import_sale_order,@,@,,@,*,,,import
2391,N,Production_empty,individual_attendance_report_wizard,@,@,,@,*,,,individual
2392,Y,@,ir_act_client,@,@,,@,*,,,ir
2393,Y,@,ir_act_report_xml,@,@,,@,*,,,ir
2394,Y,@,ir_act_server,@,@,,@,*,,,ir
2395,Y,@,ir_act_server_group_rel,@,@,,@,*,,,ir
2396,N,Production_empty,ir_act_server_res_partner_rel,@,@,,@,*,,,ir
2397,Y,@,ir_act_url,@,@,,@,*,,,ir
2398,Y,@,ir_act_window,@,@,,@,*,,,ir
2399,Y,@,ir_act_window_group_rel,@,@,,@,*,,,ir
2400,Y,@,ir_act_window_view,@,@,,@,*,,,ir
2401,Y,@,ir_actions,@,@,,@,*,,,ir
2402,Y,@,ir_actions_todo,@,@,,@,*,,,ir
2403,Y,@,ir_asset,@,@,,@,*,,,ir
2404,Y,@,ir_attachment,@,@,,@,*,,,ir
2405,Y,@,ir_config_parameter,@,@,,@,*,,,ir
2406,Y,@,ir_cron,@,@,,@,*,,,ir
2407,Y,@,ir_cron_trigger,@,@,,@,*,,,ir
2408,Y,@,ir_default,@,@,,@,*,,,ir
2409,Y,@,ir_demo,@,@,,@,*,,,ir
2410,Y,@,ir_demo_failure,@,@,,@,*,,,ir
2411,Y,@,ir_demo_failure_wizard,@,@,,@,*,,,ir
2412,Y,@,ir_exports,@,@,,@,*,,,ir
2413,Y,@,ir_exports_line,@,@,,@,*,,,ir
2414,Y,@,ir_filters,@,@,,@,*,,,ir
2415,Y,@,ir_logging,@,@,,@,*,,,ir
2416,Y,@,ir_mail_server,@,@,,@,*,,,ir
2417,Y,@,ir_model,@,@,,@,*,,,ir
2418,Y,@,ir_model_access,@,@,,@,*,,,ir
2419,Y,@,ir_model_constraint,@,@,,@,*,,,ir
2420,Y,@,ir_model_data,@,@,,@,*,,,ir
2421,Y,@,ir_model_fields,@,@,,@,*,,,ir
2422,Y,@,ir_model_fields_group_rel,@,@,,@,*,,,ir
2423,Y,@,ir_model_fields_selection,@,@,,@,*,,,ir
2424,Y,@,ir_model_relation,@,@,,@,*,,,ir
2425,Y,@,ir_module_category,@,@,,@,*,,,ir
2426,Y,@,ir_module_module,@,@,,@,*,,,ir
2427,Y,@,ir_module_module_dependency,@,@,,@,*,,,ir
2428,Y,@,ir_module_module_exclusion,@,@,,@,*,,,ir
2429,Y,@,ir_profile,@,@,,@,*,duration,duration,ir
2430,Y,@,ir_property,@,@,,@,*,value_float,value_float,ir
2431,Y,@,ir_rule,@,@,,@,*,,,ir
2432,Y,@,ir_sequence,@,@,,@,*,,,ir
2433,Y,@,ir_sequence_date_range,@,@,,@,*,,,ir
2434,Y,@,ir_server_object_lines,@,@,,@,*,,,ir
2435,Y,@,ir_ui_menu,@,@,,@,*,,,ir
2436,Y,@,ir_ui_menu_group_rel,@,@,,@,*,,,ir
2437,Y,@,ir_ui_view,@,@,,@,*,,,ir
2438,Y,@,ir_ui_view_custom,@,@,,@,*,,,ir
2439,Y,@,ir_ui_view_group_rel,@,@,,@,*,,,ir
2440,Y,@,journal_account_control_rel,@,@,,@,*,,,journal
2441,Y,@,l10n_id_efaktur_efaktur_range,@,@,,@,*,,,l10n
2442,Y,@,l10n_sg_reports_iaf_wizard,@,@,,@,*,,,l10n
2443,Y,@,letter_taking_employee,@,@,,@,*,,,letter
2444,Y,@,load_capacity,@,@,,@,*,load|capacity,load|capacity,load
2445,Y,@,location_coverage,@,@,,@,*,,,location
2446,Y,@,location_coverage_res_partner_rel,@,@,,@,*,,,location
2447,Y,@,lot_label_layout,@,@,,@,*,,,lot
2448,Y,@,lot_label_layout_stock_picking_rel,@,@,,@,*,,,lot
2449,Y,@,mail_activity,@,@,,@,*,,,mail
2450,Y,@,mail_activity_rel,@,@,,@,*,,,mail
2451,Y,@,mail_activity_type,@,@,,@,*,,,mail
2452,Y,@,mail_activity_type_mail_template_rel,@,@,,@,*,,,mail
2453,Y,@,mail_alias,@,@,,@,*,,,mail
2454,Y,@,mail_blacklist,@,@,,@,*,,,mail
2455,Y,@,mail_blacklist_remove,@,@,,@,*,,,mail
2456,Y,@,mail_channel,@,@,,@,*,,,mail
2457,Y,@,mail_channel_member,@,@,,@,*,,,mail
2458,Y,@,mail_channel_res_groups_rel,@,@,,@,*,,,mail
2459,Y,@,mail_channel_rtc_session,@,@,,@,*,,,mail
2460,Y,@,mail_compose_message,@,@,,@,*,,,mail
2461,Y,@,mail_compose_message_ir_attachments_rel,@,@,,@,*,,,mail
2462,Y,@,mail_compose_message_res_partner_cc_rel,@,@,,@,*,,,mail
2463,Y,@,mail_compose_message_res_partner_rel,@,@,,@,*,,,mail
2464,Y,@,mail_followers,@,@,,@,*,,,mail
2465,Y,@,mail_followers_mail_message_subtype_rel,@,@,,@,*,,,mail
2466,Y,@,mail_gateway_allowed,@,@,,@,*,,,mail
2467,Y,@,mail_guest,@,@,,@,*,,,mail
2468,Y,@,mail_ice_server,@,@,,@,*,,,mail
2469,Y,@,mail_link_preview,@,@,,@,*,,,mail
2470,Y,@,mail_mail,@,@,,@,*,,,mail
2471,Y,@,mail_mail_res_partner_rel,@,@,,@,*,,,mail
2472,Y,@,mail_message,@,@,,@,*,,,mail
2473,Y,@,mail_message_reaction,@,@,,@,*,,,mail
2474,Y,@,mail_message_res_partner_cc_rel,@,@,,@,*,,,mail
2475,Y,@,mail_message_res_partner_rel,@,@,,@,*,,,mail
2476,Y,@,mail_message_res_partner_starred_rel,@,@,,@,*,,,mail
2477,Y,@,mail_message_schedule,@,@,,@,*,,,mail
2478,Y,@,mail_message_subtype,@,@,,@,*,,,mail
2479,Y,@,mail_notification,@,@,,@,*,,,mail
2480,Y,@,mail_notification_mail_resend_message_rel,@,@,,@,*,,,mail
2481,Y,@,mail_resend_message,@,@,,@,*,,,mail
2482,Y,@,mail_resend_partner,@,@,,@,*,,,mail
2483,Y,@,mail_shortcode,@,@,,@,*,,,mail
2484,Y,@,mail_template,@,@,,@,*,,,mail
2485,Y,@,mail_template_mail_template_reset_rel,@,@,,@,*,,,mail
2486,Y,@,mail_template_preview,@,@,,@,*,,,mail
2487,Y,@,mail_template_reset,@,@,,@,*,,,mail
2488,Y,@,mail_tracking_value,@,@,,@,*,old_value_float|old_value_monetary|new_value_float|new_value_monetary,old_value_float|old_value_monetary|new_value_float|new_value_monetary,mail
2489,Y,@,mail_wizard_invite,@,@,,@,*,,,mail
2490,Y,@,mail_wizard_invite_res_partner_rel,@,@,,@,*,,,mail
2491,Y,@,meeting_category_rel,@,@,,@,*,,,meeting
2492,Y,@,merge_opportunity_rel,@,@,,@,*,,,merge
2493,Y,@,merge_same_customer_sale_order_wizard,@,@,,@,*,,,merge
2494,Y,@,merge_same_customer_sale_order_wizard_sale_order_rel,@,@,,@,*,,,merge
2495,Y,@,message_attachment_rel,@,@,,@,*,,,message
2496,Y,@,mo_component,@,@,,@,*,mo_quantity,mo_quantity,mo
2497,Y,@,mo_component_operation,@,@,,@,*,mo_quantity,mo_quantity,mo
2498,Y,@,mo_component_operation_wizard,@,@,,@,*,,,mo
2499,Y,@,mo_component_po,@,@,,@,*,mo_quantity|reserved|consumed|po_line_qty|po_line_qty_rec|mo_line_qty|po_line_unit_price,mo_quantity|reserved|consumed|po_line_qty|po_line_qty_rec|mo_line_qty|po_line_unit_price,mo
2500,Y,@,mo_component_po_wizard,@,@,,@,*,,,mo
2501,Y,@,mo_component_wizard,@,@,,@,*,,,mo
2502,Y,@,mo_reference,@,@,,@,*,quantity,quantity,mo
2503,Y,@,mo_reference_mrp_workorder_rel,@,@,,@,*,,,mo
2504,Y,@,mo_tracker,@,@,,@,*,,,mo
2505,Y,@,mopo_details_dashboard,@,@,,@,*,mo_quantity|material_delivered_qty|material_received_qty,mo_quantity|material_delivered_qty|material_received_qty,mopo
2506,N,Production_empty,mopo_details_wizard,@,@,,@,*,,,mopo
2507,Y,@,mrp_bom,@,@,,@,*,,,mrp
2508,Y,@,mrp_bom_byproduct,@,@,,@,*,,,mrp
2509,N,Production_empty,mrp_bom_byproduct_product_template_attribute_value_rel,@,@,,@,*,,,mrp
2510,Y,@,mrp_bom_line,@,@,,@,*,,,mrp
2511,N,Production_empty,mrp_bom_line_product_template_attribute_value_rel,@,@,,@,*,,,mrp
2512,N,Production_empty,mrp_bom_subcontractor,@,@,,@,*,,,mrp
2513,Y,@,mrp_consumption_warning,@,@,,@,*,,,mrp
2514,Y,@,mrp_consumption_warning_line,@,@,,@,*,product_consumed_qty_uom|product_expected_qty_uom,product_consumed_qty_uom|product_expected_qty_uom,mrp
2515,Y,@,mrp_consumption_warning_mrp_production_rel,@,@,,@,*,,,mrp
2516,N,Production_empty,mrp_document,@,@,,@,*,,,mrp
2517,N,Production_empty,mrp_immediate_production,@,@,,@,*,,,mrp
2518,N,Production_empty,mrp_immediate_production_line,@,@,,@,*,,,mrp
2519,Y,@,mrp_production,@,@,,@,*,product_uom_qty|extra_cost|so_subtotal|so_line_qty,product_uom_qty|extra_cost|so_subtotal|so_line_qty,mrp
2520,N,Production_empty,mrp_production_backorder,@,@,,@,*,,,mrp
2521,N,Production_empty,mrp_production_backorder_line,@,@,,@,*,,,mrp
2522,N,Production_empty,mrp_production_mrp_production_backorder_rel,@,@,,@,*,,,mrp
2523,N,Production_empty,mrp_production_production_rel,@,@,,@,*,,,mrp
2524,Y,@,mrp_production_purchase_order_rel,@,@,,@,*,,,mrp
2525,N,Production_empty,mrp_production_split,@,@,,@,*,,,mrp
2526,Y,@,mrp_production_split_line,@,@,,@,*,,,mrp
2527,N,Production_empty,mrp_production_split_multi,@,@,,@,*,,,mrp
2528,N,Production_empty,mrp_production_stock_move_line_rel,@,@,,@,*,,,mrp
2529,N,Production_empty,mrp_production_stock_move_rel,@,@,,@,*,,,mrp
2530,Y,@,mrp_routing_workcenter,@,@,,@,*,time_cycle_manual|employee_ratio|time_cycle_manual_hours,time_cycle_manual|employee_ratio|time_cycle_manual_hours,mrp
2531,N,Production_empty,mrp_routing_workcenter_dependencies_rel,@,@,,@,*,,,mrp
2532,N,Production_empty,mrp_routing_workcenter_product_template_attribute_value_rel,@,@,,@,*,,,mrp
2533,N,Production_empty,mrp_unbuild,@,@,,@,*,product_qty,product_qty,mrp
2534,Y,@,mrp_workcenter,@,@,,@,*,time_efficiency|default_capacity|costs_hour|time_start|time_stop|oee_target,time_efficiency|default_capacity|costs_hour|time_start|time_stop|oee_target,mrp
2535,N,Production_empty,mrp_workcenter_alternative_rel,@,@,,@,*,,,mrp
2536,N,Production_empty,mrp_workcenter_capacity,@,@,,@,*,capacity|time_start|time_stop,capacity|time_start|time_stop,mrp
2537,N,Production_empty,mrp_workcenter_mrp_workcenter_tag_rel,@,@,,@,*,,,mrp
2538,Y,@,mrp_workcenter_productivity,@,@,,@,*,duration,duration,mrp
2539,Y,@,mrp_workcenter_productivity_loss,@,@,,@,*,,,mrp
2540,Y,@,mrp_workcenter_productivity_loss_type,@,@,,@,*,,,mrp
2541,Y,@,mrp_workcenter_stock_warehouse_rel,@,@,,@,*,,,mrp
2542,N,Production_empty,mrp_workcenter_tag,@,@,,@,*,,,mrp
2543,Y,@,mrp_workorder,@,@,,@,*,duration|duration_unit|costs_hour,duration|duration_unit|costs_hour,mrp
2544,N,Production_empty,mrp_workorder_additional_product,@,@,,@,*,product_qty,product_qty,mrp
2545,Y,@,mrp_workorder_dependencies_rel,@,@,,@,*,,,mrp
2546,N,Production_empty,mrp_workorder_note,@,@,,@,*,,,mrp
2547,Y,@,mrp_workorder_outsource_po_reference_rel,@,@,,@,*,,,mrp
2548,Y,@,mrp_workorder_purchase_order_rel,@,@,,@,*,,,mrp
2549,N,Production_empty,mrp_workorder_quality_point_rel,@,@,,@,*,,,mrp
2550,N,Production_empty,national_service_information,@,@,,@,*,,,national
2551,Y,@,note_note,@,@,,@,*,,,note
2552,Y,@,note_stage,@,@,,@,*,,,note
2553,Y,@,note_stage_rel,@,@,,@,*,,,note
2554,Y,@,note_tag,@,@,,@,*,,,note
2555,Y,@,note_tags_rel,@,@,,@,*,,,note
2556,N,Production_empty,ocbc_bank_specification,@,@,,@,*,,,ocbc
2557,Y,@,outsource_info_details,@,@,,@,*,price,price,outsource
2558,Y,@,outsource_info_lines,@,@,,@,*,price,price,outsource
2559,Y,@,outsource_po_reference,@,@,,@,*,quantity|delivered_qty|received_qty,quantity|delivered_qty|received_qty,outsource
2560,Y,@,part_family,@,@,,@,*,,,part
2561,Y,@,part_status,@,@,,@,*,,,part
2562,Y,@,part_type,@,@,,@,*,,,part
2563,N,Production_empty,payment_country_rel,@,@,,@,*,,,payment
2564,Y,@,payment_icon,@,@,,@,*,,,payment
2565,Y,@,payment_icon_payment_provider_rel,@,@,,@,*,,,payment
2566,Y,@,payment_link_wizard,@,@,,@,*,,,payment
2567,Y,@,payment_provider,@,@,,@,*,fees_dom_fixed|fees_dom_var|fees_int_fixed|fees_int_var,fees_dom_fixed|fees_dom_var|fees_int_fixed|fees_int_var,payment
2568,N,Production_empty,payment_provider_onboarding_wizard,@,@,,@,*,,,payment
2569,Y,@,payment_refund_wizard,@,@,,@,*,,,payment
2570,N,Production_empty,payment_token,@,@,,@,*,,,payment
2571,Y,@,payment_transaction,@,@,,@,*,,,payment
2572,N,Production_empty,payroll_excel_export_summary,@,@,,@,*,,,payroll
2573,N,Production_empty,payroll_generic_summary_wizard,@,@,,@,*,,,payroll
2574,N,Production_empty,payroll_summary_wizard,@,@,,@,*,,,payroll
2575,Y,@,payslip_tags_table,@,@,,@,*,,,payslip
2576,N,Production_empty,phone_blacklist,@,@,,@,*,,,phone
2577,N,Production_empty,phone_blacklist_remove,@,@,,@,*,,,phone
2578,N,Production_empty,picking_label_type,@,@,,@,*,,,picking
2579,N,Production_empty,picking_label_type_stock_picking_rel,@,@,,@,*,,,picking
2580,N,Production_empty,picking_list_wizard,@,@,,@,*,,,picking
2581,N,Production_empty,planning_planning,@,@,,@,*,,,planning
2582,N,Production_empty,planning_planning_planning_slot_rel,@,@,,@,*,,,planning
2583,N,Production_empty,planning_recurrency,@,@,,@,*,,,planning
2584,N,Production_empty,planning_role,@,@,,@,*,,,planning
2585,N,Production_empty,planning_send,@,@,,@,*,,,planning
2586,N,Production_empty,planning_send_planning_slot_rel,@,@,,@,*,,,planning
2587,Y,@,planning_slot,@,@,,@,*,allocated_hours|allocated_percentage|working_days_count,allocated_hours|allocated_percentage|working_days_count,planning
2588,N,Production_empty,planning_slot_template,@,@,,@,*,start_time|duration,start_time|duration,planning
2589,N,Production_empty,portal_share,@,@,,@,*,,,portal
2590,N,Production_empty,portal_share_res_partner_rel,@,@,,@,*,,,portal
2591,N,Production_empty,portal_wizard,@,@,,@,*,,,portal
2592,N,Production_empty,portal_wizard_res_partner_rel,@,@,,@,*,,,portal
2593,N,Production_empty,portal_wizard_user,@,@,,@,*,,,portal
2594,N,Production_empty,ppd_res_user_payroll_rel,@,@,,@,*,,,ppd
2595,N,Production_empty,privacy_log,@,@,,@,*,,,privacy
2596,N,Production_empty,privacy_lookup_wizard,@,@,,@,*,,,privacy
2597,N,Production_empty,privacy_lookup_wizard_line,@,@,,@,*,,,privacy
2598,Y,@,procurement_group,@,@,,@,*,,,procurement
2599,N,Production_empty,product_attr_exclusion_value_ids_rel,@,@,,@,*,,,product
2600,N,Production_empty,product_attribute,@,@,,@,*,,,product
2601,N,Production_empty,product_attribute_custom_value,@,@,,@,*,,,product
2602,N,Production_empty,product_attribute_product_template_rel,@,@,,@,*,,,product
2603,N,Production_empty,product_attribute_value,@,@,,@,*,,,product
2604,N,Production_empty,product_attribute_value_product_template_attribute_line_rel,@,@,,@,*,,,product
2605,N,Production_empty,product_attribute_values,@,@,,@,*,,,product
2606,N,Production_empty,product_attribute_values_product_attributes_line_rel,@,@,,@,*,,,product
2607,N,Production_empty,product_attributes,@,@,,@,*,,,product
2608,N,Production_empty,product_attributes_line,@,@,,@,*,,,product
2609,Y,@,product_category,@,@,,@,*,,,product
2610,N,Production_empty,product_category_quality_point_rel,@,@,,@,*,,,product
2611,Y,@,product_category_stock_location_rel,@,@,,@,*,,,product
2612,N,Production_empty,product_label_layout,@,@,,@,*,,,product
2613,N,Production_empty,product_label_layout_product_product_rel,@,@,,@,*,,,product
2614,N,Production_empty,product_label_layout_product_template_rel,@,@,,@,*,,,product
2615,N,Production_empty,product_label_layout_stock_move_line_rel,@,@,,@,*,,,product
2616,N,Production_empty,product_margin,@,@,,@,*,,,product
2617,N,Production_empty,product_optional_rel,@,@,,@,*,,,product
2618,Y,@,product_packaging,@,@,,@,*,,,product
2619,Y,@,product_pricelist,@,@,,@,*,,,product
2620,Y,@,product_pricelist_item,@,@,,@,*,percent_price,percent_price,product
2621,Y,@,product_product,@,@,,@,*,,,product
2622,Y,@,product_product_purchase_order_rel,@,@,,@,*,,,product
2623,Y,@,product_product_quality_point_rel,@,@,,@,*,,,product
2624,N,Production_empty,product_product_stock_track_confirmation_rel,@,@,,@,*,,,product
2625,Y,@,product_removal,@,@,,@,*,,,product
2626,N,Production_empty,product_replenish,@,@,,@,*,,,product
2627,N,Production_empty,product_replenish_stock_route_rel,@,@,,@,*,,,product
2628,Y,@,product_supplier_taxes_rel,@,@,,@,*,,,product
2629,Y,@,product_supplierinfo,@,@,,@,*,,,product
2630,N,Production_empty,product_supplierinfo_stock_replenishment_info_rel,@,@,,@,*,,,product
2631,Y,@,product_tag,@,@,,@,*,,,product
2632,N,Production_empty,product_tag_product_product_rel,@,@,,@,*,,,product
2633,Y,@,product_tag_product_template_rel,@,@,,@,*,,,product
2634,N,Production_empty,product_tags_table,@,@,,@,*,,,product
2635,Y,@,product_taxes_rel,@,@,,@,*,,,product
2636,Y,@,product_template,@,@,,@,*,sale_delay|produce_delay|days_to_prepare_mo|available_qty,sale_delay|produce_delay|days_to_prepare_mo|available_qty,product
2637,N,Production_empty,product_template_attribute_exclusion,@,@,,@,*,,,product
2638,N,Production_empty,product_template_attribute_line,@,@,,@,*,,,product
2639,Y,@,product_template_attribute_value,@,@,,@,*,,,product
2640,N,Production_empty,product_template_attribute_value_sale_order_line_rel,@,@,,@,*,,,product
2641,Y,@,product_template_stock_warehouse_rel,@,@,,@,*,,,product
2642,N,Production_empty,product_variant_combination,@,@,,@,*,,,product
2643,Y,@,progression_reason,@,@,,@,*,,,progression
2644,N,Production_empty,propose_change,@,@,,@,*,,,propose
2645,Y,@,purchase_mo_link,@,@,,@,*,,,purchase
2646,Y,@,purchase_order,@,@,,@,*,currency_rate,currency_rate,purchase
2647,Y,@,purchase_order_approval_wizard,@,@,,@,*,,,purchase
2648,Y,@,purchase_order_approvers,@,@,,@,*,,,purchase
2649,N,Production_empty,purchase_order_group,@,@,,@,*,,,purchase
2650,Y,@,purchase_order_line,@,@,,@,*,product_uom_qty|price_tax|product_packaging_qty,product_uom_qty|price_tax|product_packaging_qty,purchase
2651,Y,@,purchase_order_stock_picking_rel,@,@,,@,*,,,purchase
2652,Y,@,purchase_requisition,@,@,,@,*,,,purchase
2653,N,Production_empty,purchase_requisition_alternative_warning,@,@,,@,*,,,purchase
2654,N,Production_empty,purchase_requisition_create_alternative,@,@,,@,*,,,purchase
2655,Y,@,purchase_requisition_line,@,@,,@,*,,,purchase
2656,Y,@,purchase_requisition_type,@,@,,@,*,,,purchase
2657,Y,@,qcp_order_rules,@,@,,@,*,,,qcp
2658,Y,@,quality_alert,@,@,,@,*,,,quality
2659,N,Production_empty,quality_alert_quality_tag_rel,@,@,,@,*,,,quality
2660,Y,@,quality_alert_stage,@,@,,@,*,,,quality
2661,N,Production_empty,quality_alert_stage_quality_alert_team_rel,@,@,,@,*,,,quality
2662,Y,@,quality_alert_team,@,@,,@,*,,,quality
2663,Y,@,quality_check,@,@,,@,*,finished_product_sequence,finished_product_sequence,quality
2664,Y,@,quality_check_quality_check_wizard_rel,@,@,,@,*,,,quality
2665,Y,@,quality_check_wizard,@,@,,@,*,,,quality
2666,Y,@,quality_point,@,@,,@,*,measure_frequency_value|testing_percentage_within_lot,measure_frequency_value|testing_percentage_within_lot,quality
2667,Y,@,quality_point_stock_picking_type_rel,@,@,,@,*,,,quality
2668,Y,@,quality_point_test_type,@,@,,@,*,,,quality
2669,Y,@,quality_reason,@,@,,@,*,,,quality
2670,N,Production_empty,quality_tag,@,@,,@,*,,,quality
2671,N,Production_empty,rel_employee,@,@,,@,*,,,rel
2672,N,Production_empty,rel_followup_manual_reminder_res_partner,@,@,,@,*,,,rel
2673,N,Production_empty,rel_modules_langexport,@,@,,@,*,,,rel
2674,N,Production_empty,rel_sale_to_merge,@,@,,@,*,,,rel
2675,Y,@,rel_server_actions,@,@,,@,*,,,rel
2676,Y,@,report_layout,@,@,,@,*,,,report
2677,Y,@,report_paperformat,@,@,,@,*,margin_top|margin_bottom|margin_left|margin_right,margin_top|margin_bottom|margin_left|margin_right,report
2678,N,Production_empty,required_tag_ids_rule_table,@,@,,@,*,,,required
2679,Y,@,res_bank,@,@,,@,*,,,res
2680,Y,@,res_branch,@,@,,@,*,,,res
2681,Y,@,res_company,@,@,,@,*,manufacturing_lead|security_lead|po_lead|days_to_purchase,manufacturing_lead|security_lead|po_lead|days_to_purchase,res
2682,Y,@,res_company_users_rel,@,@,,@,*,,,res
2683,N,Production_empty,res_config,@,@,,@,*,,,res
2684,N,Production_empty,res_config_installer,@,@,,@,*,,,res
2685,Y,@,res_config_settings,@,@,,@,*,delay_day_shift|delay_day_shift_second_half|delay_night_shift|delay_night_shift_second_half|recaptcha_min_score,delay_day_shift|delay_day_shift_second_half|delay_night_shift|delay_night_shift_second_half|recaptcha_min_score,res
2686,Y,@,res_country,@,@,,@,*,,,res
2687,Y,@,res_country_group,@,@,,@,*,,,res
2688,N,Production_empty,res_country_group_pricelist_rel,@,@,,@,*,,,res
2689,Y,@,res_country_res_country_group_rel,@,@,,@,*,,,res
2690,Y,@,res_country_res_partner_rel,@,@,,@,*,,,res
2691,Y,@,res_country_state,@,@,,@,*,,,res
2692,Y,@,res_currency,@,@,,@,*,,,res
2693,Y,@,res_currency_rate,@,@,,@,*,,,res
2694,Y,@,res_groups,@,@,,@,*,,,res
2695,Y,@,res_groups_implied_rel,@,@,,@,*,,,res
2696,Y,@,res_groups_report_rel,@,@,,@,*,,,res
2697,Y,@,res_groups_spreadsheet_dashboard_rel,@,@,,@,*,,,res
2698,N,Production_empty,res_groups_spreadsheet_document_to_dashboard_rel,@,@,,@,*,,,res
2699,Y,@,res_groups_users_rel,@,@,,@,*,,,res
2700,Y,@,res_lang,@,@,,@,*,,,res
2701,N,Production_empty,res_lang_install_rel,@,@,,@,*,,,res
2702,Y,@,res_partner,@,@,,@,*,quality_performance_score,quality_performance_score,res
2703,Y,@,res_partner_bank,@,@,,@,*,,,res
2704,Y,@,res_partner_category,@,@,,@,*,,,res
2705,Y,@,res_partner_industry,@,@,,@,*,,,res
2706,Y,@,res_partner_res_partner_category_rel,@,@,,@,*,,,res
2707,Y,@,res_partner_title,@,@,,@,*,,,res
2708,Y,@,res_users,@,@,,@,*,,,res
2709,N,Production_empty,res_users_apikeys,@,@,,@,*,,,res
2710,N,Production_empty,res_users_apikeys_description,@,@,,@,*,,,res
2711,N,Production_empty,res_users_deletion,@,@,,@,*,,,res
2712,N,Production_empty,res_users_identitycheck,@,@,,@,*,,,res
2713,Y,@,res_users_log,@,@,,@,*,,,res
2714,Y,@,res_users_settings,@,@,,@,*,,,res
2715,Y,@,res_users_settings_volumes,@,@,,@,*,volume,volume,res
2716,N,Production_empty,reset_view_arch_wizard,@,@,,@,*,,,reset
2717,Y,@,resource_calendar,@,@,,@,*,hours_per_day|hours_per_week|full_time_required_hours|working_hours_per_day,hours_per_day|hours_per_week|full_time_required_hours|working_hours_per_day,resource
2718,Y,@,resource_calendar_attendance,@,@,,@,*,hour_from|hour_to,hour_from|hour_to,resource
2719,Y,@,resource_calendar_leaves,@,@,,@,*,,,resource
2720,Y,@,resource_resource,@,@,,@,*,time_efficiency,time_efficiency,resource
2721,N,Production_empty,resource_resource_planning_role_rel,@,@,,@,*,,,resource
2722,Y,@,routing_category,@,@,,@,*,,,routing
2723,Y,@,rule_group_rel,@,@,,@,*,,,rule
2724,Y,@,sale_advance_payment_inv,@,@,,@,*,amount,amount,sale
2725,Y,@,sale_advance_payment_inv_sale_order_rel,@,@,,@,*,,,sale
2726,Y,@,sale_order,@,@,,@,*,,,sale
2727,N,Production_empty,sale_order_cancel,@,@,,@,*,,,sale
2728,Y,@,sale_order_line,@,@,,@,*,price_tax|product_packaging_qty|customer_lead|planning_hours_planned|planning_hours_to_plan|new_sale_qty|sold_quantity,price_tax|product_packaging_qty|customer_lead|planning_hours_planned|planning_hours_to_plan|new_sale_qty|sold_quantity,sale
2729,Y,@,sale_order_line_invoice_rel,@,@,,@,*,,,sale
2730,N,Production_empty,sale_order_merge,@,@,,@,*,,,sale
2731,Y,@,sale_order_option,@,@,,@,*,,,sale
2732,N,Production_empty,sale_order_tag_rel,@,@,,@,*,,,sale
2733,N,Production_empty,sale_order_template,@,@,,@,*,,,sale
2734,Y,@,sale_order_template_line,@,@,,@,*,,,sale
2735,Y,@,sale_order_template_option,@,@,,@,*,,,sale
2736,N,Production_empty,sale_order_transaction_rel,@,@,,@,*,,,sale
2737,N,Production_empty,sale_orderline_merge_wizard,@,@,,@,*,,,sale
2738,N,Production_empty,sale_payment_provider_onboarding_wizard,@,@,,@,*,,,sale
2739,N,Production_empty,sales_report_wizard,@,@,,@,*,,,sales
2740,N,Production_empty,save_spreadsheet_template,@,@,,@,*,,,save
2741,Y,@,second_geo_unit_country_rel,@,@,,@,*,,,second
2742,N,Production_empty,set_route,@,@,,@,*,,,set
2743,N,Production_empty,slot_planning_select_send,@,@,,@,*,,,slot
2744,N,Production_empty,sms_composer,@,@,,@,*,,,sms
2745,N,Production_empty,sms_resend,@,@,,@,*,,,sms
2746,N,Production_empty,sms_resend_recipient,@,@,,@,*,,,sms
2747,Y,@,sms_sms,@,@,,@,*,,,sms
2748,Y,@,sms_template,@,@,,@,*,,,sms
2749,N,Production_empty,sms_template_preview,@,@,,@,*,,,sms
2750,N,Production_empty,sms_template_reset,@,@,,@,*,,,sms
2751,N,Production_empty,sms_template_sms_template_reset_rel,@,@,,@,*,,,sms
2752,N,Production_empty,snailmail_confirm_invoice,@,@,,@,*,,,snailmail
2753,N,Production_empty,snailmail_letter,@,@,,@,*,,,snailmail
2754,N,Production_empty,snailmail_letter_format_error,@,@,,@,*,,,snailmail
2755,N,Production_empty,snailmail_letter_missing_required_fields,@,@,,@,*,,,snailmail
2757,N,Production_empty,so_details_wizard,@,@,,@,*,,,so
2758,Y,@,so_serialisation,@,@,,@,*,,,so
2759,Y,@,soa_report_wizard,@,@,,@,*,,,soa
2760,N,Production_empty,split_route,@,@,,@,*,quantity,quantity,split
2761,Y,@,spreadsheet_contributor,@,@,,@,*,,,spreadsheet
2762,Y,@,spreadsheet_dashboard,@,@,,@,*,,,spreadsheet
2763,Y,@,spreadsheet_dashboard_group,@,@,,@,*,,,spreadsheet
2764,N,Production_empty,spreadsheet_document_to_dashboard,@,@,,@,*,,,spreadsheet
2765,Y,@,spreadsheet_revision,@,@,,@,*,,,spreadsheet
2766,Y,@,spreadsheet_template,@,@,,@,*,,,spreadsheet
2767,N,Production_empty,sro_quant,@,@,,@,*,,,sro
2768,Y,@,stock_assign_serial,@,@,,@,*,,,stock
2769,Y,@,stock_backorder_confirmation,@,@,,@,*,,,stock
2770,Y,@,stock_backorder_confirmation_line,@,@,,@,*,,,stock
2771,N,Production_empty,stock_barcode_cancel_operation,@,@,,@,*,,,stock
2772,Y,@,stock_change_product_qty,@,@,,@,*,,,stock
2773,N,Production_empty,stock_conflict_quant_rel,@,@,,@,*,,,stock
2774,N,Production_empty,stock_immediate_transfer,@,@,,@,*,,,stock
2775,N,Production_empty,stock_immediate_transfer_line,@,@,,@,*,,,stock
2776,N,Production_empty,stock_inventory_adjustment_name,@,@,,@,*,,,stock
2777,N,Production_empty,stock_inventory_adjustment_name_stock_quant_rel,@,@,,@,*,,,stock
2778,N,Production_empty,stock_inventory_conflict,@,@,,@,*,,,stock
2779,N,Production_empty,stock_inventory_conflict_stock_quant_rel,@,@,,@,*,,,stock
2780,N,Production_empty,stock_inventory_warning,@,@,,@,*,,,stock
2781,N,Production_empty,stock_inventory_warning_stock_quant_rel,@,@,,@,*,,,stock
2782,Y,@,stock_location,@,@,,@,*,,,stock
2783,Y,@,stock_lot,@,@,,@,*,,,stock
2784,Y,@,stock_move,@,@,,@,*,price_unit|unit_factor|quantity,price_unit|unit_factor|quantity,stock
2785,Y,@,stock_move_line,@,@,,@,*,reserved_quantity|quantity,reserved_quantity|quantity,stock
2786,Y,@,stock_move_line_consume_rel,@,@,,@,*,,,stock
2787,Y,@,stock_move_move_rel,@,@,,@,*,,,stock
2788,N,Production_empty,stock_orderpoint_snooze,@,@,,@,*,,,stock
2789,N,Production_empty,stock_orderpoint_snooze_stock_warehouse_orderpoint_rel,@,@,,@,*,,,stock
2790,N,Production_empty,stock_package_destination,@,@,,@,*,,,stock
2791,N,Production_empty,stock_package_level,@,@,,@,*,,,stock
2792,N,Production_empty,stock_package_type,@,@,,@,*,base_weight|max_weight,base_weight|max_weight,stock
2793,N,Production_empty,stock_package_type_stock_putaway_rule_rel,@,@,,@,*,,,stock
2794,Y,@,stock_picking,@,@,,@,*,carrier_price|time_in_out,carrier_price|time_in_out,stock
2795,Y,@,stock_picking_backorder_rel,@,@,,@,*,,,stock
2796,N,Production_empty,stock_picking_sms_rel,@,@,,@,*,,,stock
2797,N,Production_empty,stock_picking_transfer_rel,@,@,,@,*,,,stock
2798,Y,@,stock_picking_type,@,@,,@,*,,,stock
2799,N,Production_empty,stock_putaway_rule,@,@,,@,*,,,stock
2800,Y,@,stock_quant,@,@,,@,*,,,stock
2801,N,Production_empty,stock_quant_package,@,@,,@,*,shipping_weight,shipping_weight,stock
2802,N,Production_empty,stock_quant_stock_request_count_rel,@,@,,@,*,,,stock
2803,N,Production_empty,stock_quant_stock_track_confirmation_rel,@,@,,@,*,,,stock
2804,N,Production_empty,stock_quantity_history,@,@,,@,*,,,stock
2805,N,Production_empty,stock_replenishment_info,@,@,,@,*,,,stock
2806,N,Production_empty,stock_replenishment_option,@,@,,@,*,,,stock
2807,N,Production_empty,stock_request_count,@,@,,@,*,,,stock
2808,N,Production_empty,stock_return_picking,@,@,,@,*,,,stock
2809,Y,@,stock_return_picking_line,@,@,,@,*,,,stock
2810,Y,@,stock_route,@,@,,@,*,,,stock
2811,N,Production_empty,stock_route_categ,@,@,,@,*,,,stock
2812,Y,@,stock_route_move,@,@,,@,*,,,stock
2813,N,Production_empty,stock_route_packaging,@,@,,@,*,,,stock
2814,Y,@,stock_route_product,@,@,,@,*,,,stock
2815,N,Production_empty,stock_route_stock_rules_report_rel,@,@,,@,*,,,stock
2816,Y,@,stock_route_warehouse,@,@,,@,*,,,stock
2817,Y,@,stock_rule,@,@,,@,*,,,stock
2818,N,Production_empty,stock_rules_report,@,@,,@,*,,,stock
2819,N,Production_empty,stock_rules_report_stock_warehouse_rel,@,@,,@,*,,,stock
2820,N,Production_empty,stock_scheduler_compute,@,@,,@,*,,,stock
2821,Y,@,stock_scrap,@,@,,@,*,,,stock
2822,Y,@,stock_storage_category,@,@,,@,*,,,stock
2823,N,Production_empty,stock_storage_category_capacity,@,@,,@,*,quantity,quantity,stock
2824,N,Production_empty,stock_traceability_report,@,@,,@,*,,,stock
2825,N,Production_empty,stock_track_confirmation,@,@,,@,*,,,stock
2826,N,Production_empty,stock_track_line,@,@,,@,*,,,stock
2827,Y,@,stock_valuation_layer,@,@,,@,*,price_diff_value,price_diff_value,stock
2828,Y,@,stock_valuation_layer_revaluation,@,@,,@,*,,,stock
2829,Y,@,stock_warehouse,@,@,,@,*,,,stock
2830,Y,@,stock_warehouse_orderpoint,@,@,,@,*,manufacturing_visibility_days|purchase_visibility_days,manufacturing_visibility_days|purchase_visibility_days,stock
2831,N,Production_empty,stock_warn_insufficient_qty_scrap,@,@,,@,*,quantity,quantity,stock
2832,N,Production_empty,stock_warn_insufficient_qty_unbuild,@,@,,@,*,quantity,quantity,stock
2833,N,Production_empty,stock_wh_resupply_table,@,@,,@,*,,,stock
2834,N,Production_empty,studio_approval_entry,@,@,,@,*,,,studio
2835,N,Production_empty,studio_approval_request,@,@,,@,*,,,studio
2836,N,Production_empty,studio_approval_rule,@,@,,@,*,,,studio
2837,N,Production_empty,summary_emp_rel,@,@,,@,*,,,summary
2838,Y,@,supply_chain,@,@,,@,*,,,supply
2839,Y,@,supply_chain_wizard,@,@,,@,*,,,supply
2840,Y,@,supply_services,@,@,,@,*,,,supply
2841,Y,@,team_favorite_user_rel,@,@,,@,*,,,team
2842,N,Production_empty,theme_ir_asset,@,@,,@,*,,,theme
2843,N,Production_empty,theme_ir_attachment,@,@,,@,*,,,theme
2844,N,Production_empty,theme_ir_ui_view,@,@,,@,*,,,theme
2845,N,Production_empty,theme_website_menu,@,@,,@,*,,,theme
2846,N,Production_empty,theme_website_page,@,@,,@,*,,,theme
2847,N,Production_empty,uob_details,@,@,,@,*,,,uob
2848,N,Production_empty,uob_details_expense,@,@,,@,*,,,uob
2849,N,Production_empty,uob_details_salary,@,@,,@,*,,,uob
2850,N,Production_empty,uob_vendor,@,@,,@,*,,,uob
2851,Y,@,uom_category,@,@,,@,*,,,uom
2853,N,Production_empty,upload_xls_wiz,@,@,,@,*,,,upload
2854,N,Production_empty,utm_campaign,@,@,,@,*,,,utm
2855,Y,@,utm_medium,@,@,,@,*,,,utm
2856,Y,@,utm_source,@,@,,@,*,,,utm
2857,Y,@,utm_stage,@,@,,@,*,,,utm
2858,Y,@,utm_tag,@,@,,@,*,,,utm
2859,N,Production_empty,utm_tag_rel,@,@,,@,*,,,utm
2860,N,Production_empty,validate_account_move,@,@,,@,*,,,validate
2861,N,Production_empty,view_bank_summary_report_wizard,@,@,,@,*,,,view
2862,N,Production_empty,view_cheque_summary_report_wizard,@,@,,@,*,,,view
2863,Y,@,warehouse_sync,@,@,,@,*,,,warehouse
2864,N,Production_empty,warning_purchase_order_alternative_rel,@,@,,@,*,,,warning
2865,N,Production_empty,warning_purchase_order_rel,@,@,,@,*,,,warning
2866,Y,@,web_editor_converter_test,@,@,,@,*,float,float,web
2867,N,Production_empty,web_editor_converter_test_sub,@,@,,@,*,,,web
2868,N,Production_empty,web_tour_tour,@,@,,@,*,,,web
2869,Y,@,website,@,@,,@,*,,,website
2870,Y,@,website_configurator_feature,@,@,,@,*,,,website
2871,Y,@,website_lang_rel,@,@,,@,*,,,website
2872,Y,@,website_menu,@,@,,@,*,,,website
2873,Y,@,website_page,@,@,,@,*,,,website
2874,N,Production_empty,website_rewrite,@,@,,@,*,,,website
2875,N,Production_empty,website_robots,@,@,,@,*,,,website
2876,N,Production_empty,website_route,@,@,,@,*,,,website
2877,N,Production_empty,website_snippet_filter,@,@,,@,*,,,website
2878,Y,@,website_track,@,@,,@,*,,,website
2879,Y,@,website_visitor,@,@,,@,*,,,website
2880,N,Production_empty,wiz_employee_letter_undertaking,@,@,,@,*,,,wiz
2881,N,Production_empty,wiz_hr_employee_report,@,@,,@,*,,,wiz
2882,N,Production_empty,wizard_ir_model_menu_create,@,@,,@,*,,,wizard
2883,N,Production_empty,working_hours_summary_wizard,@,@,,@,*,,,working
2895,N,Production_empty,pg_shseclabel,@,@,Modified_date_Time,@,*,,,pg
2896,N,Production_empty,pg_seclabel,@,@,Modified_date_Time,@,*,,,pg
2884,N,Production_empty,pg_db_role_setting,@,@,Modified_date_Time,@,*,,,pg
2885,N,Production_empty,pg_foreign_table,@,@,Modified_date_Time,@,*,,,pg
2886,N,Production_empty,pg_enum,@,@,Modified_date_Time,@,*,,,pg
2887,N,Production_empty,pg_foreign_data_wrapper,@,@,Modified_date_Time,@,*,,,pg
2888,N,Production_empty,pg_event_trigger,@,@,Modified_date_Time,@,*,,,pg
2889,N,Production_empty,pg_foreign_server,@,@,Modified_date_Time,@,*,,,pg
2890,N,Production_empty,pg_publication_rel,@,@,Modified_date_Time,@,*,,,pg
2891,N,Production_empty,pg_subscription_rel,@,@,Modified_date_Time,@,*,,,pg
2892,N,Production_empty,pg_transform,@,@,Modified_date_Time,@,*,,,pg
2893,N,Production_empty,pg_replication_origin,@,@,Modified_date_Time,@,*,,,pg
2894,N,Production_empty,pg_largeobject_metadata,@,@,Modified_date_Time,@,*,,,pg
2897,N,Production_empty,pg_publication,@,@,Modified_date_Time,@,*,,,pg
2898,N,Production_empty,pg_partitioned_table,@,@,Modified_date_Time,@,*,,,pg
2899,N,Production_empty,pg_statistic_ext,@,@,Modified_date_Time,@,*,,,pg
2900,N,Production_empty,pg_policy,@,@,Modified_date_Time,@,*,,,pg
2901,N,Production_empty,pg_subscription,@,@,Modified_date_Time,@,*,,,pg
2902,N,Production_empty,sql_sizing_profiles,@,@,Modified_date_Time,@,*,,,sql
2911,Y,@,consolidation_chart_res_company_rel,@,@,,@,*,,,consolidation
2912,Y,@,consolidation_company_period,@,@,,@,*,rate_control|rate_ownership|rate_consolidation,rate_control|rate_ownership|rate_consolidation,consolidation
2913,Y,@,consolidation_group,@,@,,@,*,,,consolidation
2914,Y,@,consolidation_journal,@,@,,@,*,,,consolidation
2915,Y,@,consolidation_journal_line,@,@,,@,*,,,consolidation
2916,Y,@,consolidation_period,@,@,,@,*,,,consolidation
2917,Y,@,consolidation_period_composition,@,@,,@,*,rate_consolidation,rate_consolidation,consolidation
2918,Y,@,consolidation_rate,@,@,,@,*,rate,rate,consolidation
2919,Y,@,invoice_details,@,@,,@,*,unit_price|order_quantity|total_price|shipped_qty|ship_line_value|invoice_qty,unit_price|order_quantity|total_price|shipped_qty|ship_line_value|invoice_qty,invoice
2920,Y,@,invoice_details_wizard,@,@,,@,*,,,invoice
2921,Y,@,mo_components_line_wizard,@,@,,@,*,product_qty,product_qty,mo
2922,Y,@,mo_components_wizard,@,@,,@,*,,,mo
2923,Y,@,mo_operations_line_wizard,@,@,,@,*,product_qty|duration_expected|duration,product_qty|duration_expected|duration,mo
2924,Y,@,mo_operations_wizard,@,@,,@,*,,,mo
2925,Y,@,mrp_qr_label,@,@,,@,*,,,mrp
